date,product_id,product_category,store_id,sales,revenue,customers
2022-01-01,P001,Eletrônicos,S03,15,1091.48,27
2022-01-02,P001,Eletrônicos,S04,15,1212.74,19
2022-01-03,P001,Eletrônicos,S01,18,116.14,6
2022-01-04,P001,Eletrônicos,S03,15,1545.91,16
2022-01-05,P001,Eletrônicos,S03,24,1454.73,40
2022-01-06,P001,Eletrônicos,S04,15,795.94,7
2022-01-07,P001,Eletrônicos,S01,16,200.58,9
2022-01-08,P001,Eletrônicos,S01,20,1534.37,7
2022-01-09,P001,Eletrônicos,S03,21,1914.83,23
2022-01-10,P001,Eletrônicos,S02,26,556.29,6
2022-01-11,P001,Eletrônicos,S03,25,714.7,48
2022-01-12,P001,Eletrônicos,S03,21,449.24,41
2022-01-13,P001,Eletrônicos,S03,19,1196.18,21
2022-01-14,P001,Eletrônicos,S03,17,394.2,18
2022-01-15,P001,Eletrônicos,S04,20,776.77,32
2022-01-16,P001,Eletrônicos,S01,16,1424.32,31
2022-01-17,P001,Eletrônicos,S04,20,1164.22,14
2022-01-18,P001,Eletrônicos,S04,21,834.28,7
2022-01-19,P001,Eletrônicos,S04,18,898.47,40
2022-01-20,P001,Eletrônicos,S03,21,1168.01,42
2022-01-21,P001,Eletrônicos,S02,22,111.14,29
2022-01-22,P001,Eletrônicos,S01,26,249.17,26
2022-01-23,P001,Eletrônicos,S02,25,1774.39,43
2022-01-24,P001,Eletrônicos,S04,22,247.97,34
2022-01-25,P001,Eletrônicos,S04,24,1442.93,25
2022-01-26,P001,Eletrônicos,S02,14,1848.07,34
2022-01-27,P001,Eletrônicos,S02,23,614.3,32
2022-01-28,P001,Eletrônicos,S02,20,803.93,35
2022-01-29,P001,Eletrônicos,S04,17,1180.95,30
2022-01-30,P001,Eletrônicos,S04,17,1775.25,47
2022-01-31,P001,Eletrônicos,S01,20,1889.62,26
2022-02-01,P001,Eletrônicos,S01,18,1505.17,25
2022-02-02,P001,Eletrônicos,S04,28,264.58,5
2022-02-03,P001,Eletrônicos,S02,29,1371.39,41
2022-02-04,P001,Eletrônicos,S02,12,879.58,17
2022-02-05,P001,Eletrônicos,S01,23,994.33,25
2022-02-06,P001,Eletrônicos,S04,21,193.38,13
2022-02-07,P001,Eletrônicos,S01,22,463.02,21
2022-02-08,P001,Eletrônicos,S01,14,1601.98,25
2022-02-09,P001,Eletrônicos,S03,18,962.52,35
2022-02-10,P001,Eletrônicos,S03,24,673.16,43
2022-02-11,P001,Eletrônicos,S03,19,829.64,26
2022-02-12,P001,Eletrônicos,S02,19,1723.36,16
2022-02-13,P001,Eletrônicos,S04,24,1523.1,10
2022-02-14,P001,Eletrônicos,S04,16,617.4,20
2022-02-15,P001,Eletrônicos,S04,22,323.25,30
2022-02-16,P001,Eletrônicos,S04,15,578.8,9
2022-02-17,P001,Eletrônicos,S03,29,1849.44,13
2022-02-18,P001,Eletrônicos,S02,22,1205.02,44
2022-02-19,P001,Eletrônicos,S02,19,1113.61,18
2022-02-20,P001,Eletrônicos,S03,16,1233.15,48
2022-02-21,P001,Eletrônicos,S02,18,795.45,46
2022-02-22,P001,Eletrônicos,S03,25,1633.5,34
2022-02-23,P001,Eletrônicos,S04,22,1094.24,30
2022-02-24,P001,Eletrônicos,S03,22,321.82,49
2022-02-25,P001,Eletrônicos,S04,20,345.22,33
2022-02-26,P001,Eletrônicos,S04,14,1120.03,23
2022-02-27,P001,Eletrônicos,S01,19,1879.48,12
2022-02-28,P001,Eletrônicos,S03,20,685.87,27
2022-03-01,P001,Eletrônicos,S01,21,1752.13,46
2022-03-02,P001,Eletrônicos,S03,24,1551.78,39
2022-03-03,P001,Eletrônicos,S03,19,570.84,35
2022-03-04,P001,Eletrônicos,S01,12,169.05,39
2022-03-05,P001,Eletrônicos,S01,20,293.51,36
2022-03-06,P001,Eletrônicos,S03,17,1484.14,9
2022-03-07,P001,Eletrônicos,S02,13,479.37,20
2022-03-08,P001,Eletrônicos,S04,20,805.41,21
2022-03-09,P001,Eletrônicos,S01,23,1053.23,36
2022-03-10,P001,Eletrônicos,S04,20,1478.39,42
2022-03-11,P001,Eletrônicos,S02,18,315.14,36
2022-03-12,P001,Eletrônicos,S02,12,872.1,24
2022-03-13,P001,Eletrônicos,S02,14,1021.64,6
2022-03-14,P001,Eletrônicos,S01,16,1127.57,24
2022-03-15,P001,Eletrônicos,S02,13,1654.89,22
2022-03-16,P001,Eletrônicos,S01,23,426.19,5
2022-03-17,P001,Eletrônicos,S02,29,1634.88,33
2022-03-18,P001,Eletrônicos,S04,20,1416.47,33
2022-03-19,P001,Eletrônicos,S04,26,1156.15,23
2022-03-20,P001,Eletrônicos,S03,24,1429.1,48
2022-03-21,P001,Eletrônicos,S04,25,882.83,44
2022-03-22,P001,Eletrônicos,S03,27,362.96,10
2022-03-23,P001,Eletrônicos,S04,25,1364.95,48
2022-03-24,P001,Eletrônicos,S01,22,1096.88,43
2022-03-25,P001,Eletrônicos,S04,23,1314.81,12
2022-03-26,P001,Eletrônicos,S03,11,742.2,28
2022-03-27,P001,Eletrônicos,S03,15,1823.05,24
2022-03-28,P001,Eletrônicos,S02,18,1216.0,18
2022-03-29,P001,Eletrônicos,S01,24,262.26,9
2022-03-30,P001,Eletrônicos,S04,20,954.63,45
2022-03-31,P001,Eletrônicos,S02,23,1537.08,44
2022-04-01,P001,Eletrônicos,S04,22,1608.86,38
2022-04-02,P001,Eletrônicos,S04,22,1039.73,20
2022-04-03,P001,Eletrônicos,S02,19,1800.02,49
2022-04-04,P001,Eletrônicos,S02,23,608.57,11
2022-04-05,P001,Eletrônicos,S02,19,880.14,20
2022-04-06,P001,Eletrônicos,S02,21,1807.33,11
2022-04-07,P001,Eletrônicos,S02,23,1802.89,31
2022-04-08,P001,Eletrônicos,S04,19,1402.85,18
2022-04-09,P001,Eletrônicos,S02,21,1732.06,18
2022-04-10,P001,Eletrônicos,S01,16,268.67,48
2022-04-11,P001,Eletrônicos,S03,22,1743.49,37
2022-04-12,P001,Eletrônicos,S02,14,709.18,37
2022-04-13,P001,Eletrônicos,S02,27,438.83,48
2022-04-14,P001,Eletrônicos,S04,20,554.8,24
2022-04-15,P001,Eletrônicos,S02,26,894.14,40
2022-04-16,P001,Eletrônicos,S02,20,577.26,11
2022-04-17,P001,Eletrônicos,S02,21,709.08,36
2022-04-18,P001,Eletrônicos,S04,17,356.46,7
2022-04-19,P001,Eletrônicos,S02,18,662.74,43
2022-04-20,P001,Eletrônicos,S03,19,1187.34,33
2022-04-21,P001,Eletrônicos,S04,12,939.52,28
2022-04-22,P001,Eletrônicos,S03,20,758.77,26
2022-04-23,P001,Eletrônicos,S04,25,1518.26,10
2022-04-24,P001,Eletrônicos,S02,16,1797.67,28
2022-04-25,P001,Eletrônicos,S03,23,1537.9,44
2022-04-26,P001,Eletrônicos,S04,15,730.8,27
2022-04-27,P001,Eletrônicos,S01,23,1514.44,42
2022-04-28,P001,Eletrônicos,S02,20,388.76,14
2022-04-29,P001,Eletrônicos,S04,24,347.6,20
2022-04-30,P001,Eletrônicos,S01,26,756.69,15
2022-05-01,P001,Eletrônicos,S04,13,1634.63,36
2022-05-02,P001,Eletrônicos,S01,11,568.06,49
2022-05-03,P001,Eletrônicos,S02,29,220.18,10
2022-05-04,P001,Eletrônicos,S03,14,350.25,28
2022-05-05,P001,Eletrônicos,S01,28,1731.62,37
2022-05-06,P001,Eletrônicos,S04,20,1304.19,16
2022-05-07,P001,Eletrônicos,S02,32,581.08,31
2022-05-08,P001,Eletrônicos,S01,30,1155.06,42
2022-05-09,P001,Eletrônicos,S04,26,1102.4,22
2022-05-10,P001,Eletrônicos,S04,20,1345.33,49
2022-05-11,P001,Eletrônicos,S04,22,543.06,43
2022-05-12,P001,Eletrônicos,S01,23,1742.37,17
2022-05-13,P001,Eletrônicos,S01,13,687.8,44
2022-05-14,P001,Eletrônicos,S01,19,1418.85,34
2022-05-15,P001,Eletrônicos,S03,15,130.64,45
2022-05-16,P001,Eletrônicos,S01,22,808.05,17
2022-05-17,P001,Eletrônicos,S01,21,768.25,38
2022-05-18,P001,Eletrônicos,S01,28,1132.62,40
2022-05-19,P001,Eletrônicos,S03,22,238.2,34
2022-05-20,P001,Eletrônicos,S01,22,1601.25,29
2022-05-21,P001,Eletrônicos,S04,22,513.78,6
2022-05-22,P001,Eletrônicos,S01,19,1386.37,40
2022-05-23,P001,Eletrônicos,S04,24,1626.1,22
2022-05-24,P001,Eletrônicos,S04,19,1167.57,9
2022-05-25,P001,Eletrônicos,S04,22,1507.68,23
2022-05-26,P001,Eletrônicos,S03,19,1357.53,46
2022-05-27,P001,Eletrônicos,S03,14,775.51,22
2022-05-28,P001,Eletrônicos,S03,18,1636.83,36
2022-05-29,P001,Eletrônicos,S01,23,659.93,25
2022-05-30,P001,Eletrônicos,S04,19,1185.3,14
2022-05-31,P001,Eletrônicos,S03,18,1516.26,41
2022-06-01,P001,Eletrônicos,S03,12,820.02,26
2022-06-02,P001,Eletrônicos,S01,22,675.26,17
2022-06-03,P001,Eletrônicos,S03,19,972.76,21
2022-06-04,P001,Eletrônicos,S01,26,1654.13,13
2022-06-05,P001,Eletrônicos,S02,20,1866.85,28
2022-06-06,P001,Eletrônicos,S03,18,1135.66,48
2022-06-07,P001,Eletrônicos,S02,19,1356.79,18
2022-06-08,P001,Eletrônicos,S01,20,1816.22,12
2022-06-09,P001,Eletrônicos,S04,27,287.24,41
2022-06-10,P001,Eletrônicos,S03,28,540.95,23
2022-06-11,P001,Eletrônicos,S01,28,1446.91,32
2022-06-12,P001,Eletrônicos,S04,13,1665.11,45
2022-06-13,P001,Eletrônicos,S04,16,1728.36,34
2022-06-14,P001,Eletrônicos,S02,17,888.7,11
2022-06-15,P001,Eletrônicos,S01,20,269.75,30
2022-06-16,P001,Eletrônicos,S04,21,931.78,44
2022-06-17,P001,Eletrônicos,S03,17,538.4,15
2022-06-18,P001,Eletrônicos,S03,14,653.27,18
2022-06-19,P001,Eletrônicos,S02,22,1567.31,25
2022-06-20,P001,Eletrônicos,S04,20,243.5,12
2022-06-21,P001,Eletrônicos,S01,13,1672.4,7
2022-06-22,P001,Eletrônicos,S03,20,912.57,32
2022-06-23,P001,Eletrônicos,S04,21,1232.52,33
2022-06-24,P001,Eletrônicos,S04,21,270.34,27
2022-06-25,P001,Eletrônicos,S02,26,740.98,22
2022-06-26,P001,Eletrônicos,S03,16,270.43,39
2022-06-27,P001,Eletrônicos,S03,19,1926.93,17
2022-06-28,P001,Eletrônicos,S01,27,1633.8,16
2022-06-29,P001,Eletrônicos,S03,16,973.3,9
2022-06-30,P001,Eletrônicos,S01,17,524.84,43
2022-07-01,P001,Eletrônicos,S03,19,1873.56,15
2022-07-02,P001,Eletrônicos,S02,13,754.73,15
2022-07-03,P001,Eletrônicos,S03,19,405.87,46
2022-07-04,P001,Eletrônicos,S01,15,1170.01,35
2022-07-05,P001,Eletrônicos,S01,26,1893.17,35
2022-07-06,P001,Eletrônicos,S02,13,107.28,17
2022-07-07,P001,Eletrônicos,S03,22,552.44,18
2022-07-08,P001,Eletrônicos,S03,21,1883.05,49
2022-07-09,P001,Eletrônicos,S02,18,425.06,46
2022-07-10,P001,Eletrônicos,S03,14,315.16,29
2022-07-11,P001,Eletrônicos,S03,19,1183.36,37
2022-07-12,P001,Eletrônicos,S01,23,1737.5,37
2022-07-13,P001,Eletrônicos,S03,13,1006.51,19
2022-07-14,P001,Eletrônicos,S03,21,1989.67,20
2022-07-15,P001,Eletrônicos,S02,12,1390.43,48
2022-07-16,P001,Eletrônicos,S02,27,240.74,42
2022-07-17,P001,Eletrônicos,S04,17,1986.38,10
2022-07-18,P001,Eletrônicos,S01,18,875.0,48
2022-07-19,P001,Eletrônicos,S03,20,646.06,29
2022-07-20,P001,Eletrônicos,S03,24,1159.97,19
2022-07-21,P001,Eletrônicos,S04,20,678.18,8
2022-07-22,P001,Eletrônicos,S03,22,264.27,8
2022-07-23,P001,Eletrônicos,S01,18,102.71,34
2022-07-24,P001,Eletrônicos,S04,22,954.21,38
2022-07-25,P001,Eletrônicos,S01,23,1690.04,31
2022-07-26,P001,Eletrônicos,S04,11,1187.4,35
2022-07-27,P001,Eletrônicos,S04,31,1998.49,36
2022-07-28,P001,Eletrônicos,S02,23,645.01,48
2022-07-29,P001,Eletrônicos,S01,20,632.86,43
2022-07-30,P001,Eletrônicos,S03,19,403.52,13
2022-07-31,P001,Eletrônicos,S03,18,411.72,45
2022-08-01,P001,Eletrônicos,S01,16,641.85,12
2022-08-02,P001,Eletrônicos,S03,28,1606.4,18
2022-08-03,P001,Eletrônicos,S03,25,1820.94,37
2022-08-04,P001,Eletrônicos,S01,22,1952.67,27
2022-08-05,P001,Eletrônicos,S04,24,541.35,25
2022-08-06,P001,Eletrônicos,S01,23,1774.47,16
2022-08-07,P001,Eletrônicos,S04,17,723.68,6
2022-08-08,P001,Eletrônicos,S03,18,314.4,17
2022-08-09,P001,Eletrônicos,S03,29,1753.05,8
2022-08-10,P001,Eletrônicos,S03,17,1308.6,24
2022-08-11,P001,Eletrônicos,S02,19,412.99,18
2022-08-12,P001,Eletrônicos,S04,20,916.68,34
2022-08-13,P001,Eletrônicos,S02,25,645.79,33
2022-08-14,P001,Eletrônicos,S02,28,1499.91,12
2022-08-15,P001,Eletrônicos,S01,25,961.49,16
2022-08-16,P001,Eletrônicos,S02,24,1979.63,45
2022-08-17,P001,Eletrônicos,S01,17,204.02,42
2022-08-18,P001,Eletrônicos,S01,19,774.53,30
2022-08-19,P001,Eletrônicos,S02,23,1015.61,6
2022-08-20,P001,Eletrônicos,S04,25,1055.95,44
2022-08-21,P001,Eletrônicos,S04,20,700.28,18
2022-08-22,P001,Eletrônicos,S04,24,1485.56,10
2022-08-23,P001,Eletrônicos,S04,20,1762.02,46
2022-08-24,P001,Eletrônicos,S04,14,1883.57,44
2022-08-25,P001,Eletrônicos,S02,12,1629.68,35
2022-08-26,P001,Eletrônicos,S02,19,1716.1,21
2022-08-27,P001,Eletrônicos,S03,20,1146.04,29
2022-08-28,P001,Eletrônicos,S04,13,1669.19,36
2022-08-29,P001,Eletrônicos,S02,16,676.66,16
2022-08-30,P001,Eletrônicos,S03,22,857.11,17
2022-08-31,P001,Eletrônicos,S04,19,702.13,23
2022-09-01,P001,Eletrônicos,S01,16,988.04,48
2022-09-02,P001,Eletrônicos,S03,14,642.6,29
2022-09-03,P001,Eletrônicos,S02,13,1927.06,35
2022-09-04,P001,Eletrônicos,S01,11,694.4,41
2022-09-05,P001,Eletrônicos,S01,21,286.28,29
2022-09-06,P001,Eletrônicos,S01,22,1100.95,20
2022-09-07,P001,Eletrônicos,S03,19,208.49,42
2022-09-08,P001,Eletrônicos,S02,26,310.03,47
2022-09-09,P001,Eletrônicos,S01,15,516.84,27
2022-09-10,P001,Eletrônicos,S04,19,982.27,18
2022-09-11,P001,Eletrônicos,S01,23,923.18,10
2022-09-12,P001,Eletrônicos,S01,20,1619.41,29
2022-09-13,P001,Eletrônicos,S03,17,1505.0,27
2022-09-14,P001,Eletrônicos,S03,14,910.0,47
2022-09-15,P001,Eletrônicos,S02,16,734.04,16
2022-09-16,P001,Eletrônicos,S04,20,701.29,17
2022-09-17,P001,Eletrônicos,S03,21,1570.59,40
2022-09-18,P001,Eletrônicos,S01,25,198.94,43
2022-09-19,P001,Eletrônicos,S02,20,124.36,38
2022-09-20,P001,Eletrônicos,S01,18,1611.53,10
2022-09-21,P001,Eletrônicos,S01,20,1006.58,42
2022-09-22,P001,Eletrônicos,S03,19,348.67,44
2022-09-23,P001,Eletrônicos,S02,17,547.58,12
2022-09-24,P001,Eletrônicos,S04,19,1871.76,12
2022-09-25,P001,Eletrônicos,S04,25,1733.06,44
2022-09-26,P001,Eletrônicos,S03,27,1448.59,37
2022-09-27,P001,Eletrônicos,S03,22,1016.23,38
2022-09-28,P001,Eletrônicos,S02,27,1088.61,48
2022-09-29,P001,Eletrônicos,S04,21,1952.96,19
2022-09-30,P001,Eletrônicos,S04,20,1934.96,40
2022-10-01,P001,Eletrônicos,S04,23,509.01,39
2022-10-02,P001,Eletrônicos,S01,22,1641.1,26
2022-10-03,P001,Eletrônicos,S04,12,474.76,27
2022-10-04,P001,Eletrônicos,S01,23,505.72,44
2022-10-05,P001,Eletrônicos,S02,17,1384.58,49
2022-10-06,P001,Eletrônicos,S01,24,869.5,26
2022-10-07,P001,Eletrônicos,S02,15,1869.93,9
2022-10-08,P001,Eletrônicos,S04,13,269.12,35
2022-10-09,P001,Eletrônicos,S04,24,1071.9,17
2022-10-10,P001,Eletrônicos,S02,33,1845.19,32
2022-10-11,P001,Eletrônicos,S03,24,1817.82,24
2022-10-12,P001,Eletrônicos,S02,18,397.41,37
2022-10-13,P001,Eletrônicos,S03,14,796.61,20
2022-10-14,P001,Eletrônicos,S01,24,1276.33,33
2022-10-15,P001,Eletrônicos,S01,20,402.85,27
2022-10-16,P001,Eletrônicos,S01,21,1939.24,28
2022-10-17,P001,Eletrônicos,S04,23,1838.02,38
2022-10-18,P001,Eletrônicos,S01,22,417.21,11
2022-10-19,P001,Eletrônicos,S03,18,330.2,42
2022-10-20,P001,Eletrônicos,S01,16,262.28,41
2022-10-21,P001,Eletrônicos,S02,19,1827.94,8
2022-10-22,P001,Eletrônicos,S02,16,467.89,38
2022-10-23,P001,Eletrônicos,S04,22,890.94,46
2022-10-24,P001,Eletrônicos,S02,16,952.82,26
2022-10-25,P001,Eletrônicos,S03,19,1238.12,9
2022-10-26,P001,Eletrônicos,S01,23,236.3,46
2022-10-27,P001,Eletrônicos,S04,22,530.84,27
2022-10-28,P001,Eletrônicos,S01,29,1869.83,19
2022-10-29,P001,Eletrônicos,S01,15,1825.98,35
2022-10-30,P001,Eletrônicos,S03,23,1584.45,13
2022-10-31,P001,Eletrônicos,S02,16,136.86,47
2022-11-01,P001,Eletrônicos,S02,25,721.31,29
2022-11-02,P001,Eletrônicos,S01,20,1293.12,29
2022-11-03,P001,Eletrônicos,S04,20,622.86,25
2022-11-04,P001,Eletrônicos,S02,21,1828.21,13
2022-11-05,P001,Eletrônicos,S04,26,1304.39,42
2022-11-06,P001,Eletrônicos,S02,24,236.62,26
2022-11-07,P001,Eletrônicos,S04,19,1827.11,47
2022-11-08,P001,Eletrônicos,S03,16,1919.76,27
2022-11-09,P001,Eletrônicos,S04,19,247.65,8
2022-11-10,P001,Eletrônicos,S03,16,1111.48,33
2022-11-11,P001,Eletrônicos,S03,23,676.39,19
2022-11-12,P001,Eletrônicos,S04,15,846.39,5
2022-11-13,P001,Eletrônicos,S03,24,441.34,34
2022-11-14,P001,Eletrônicos,S01,18,1198.34,33
2022-11-15,P001,Eletrônicos,S03,14,1920.16,24
2022-11-16,P001,Eletrônicos,S02,18,1055.84,37
2022-11-17,P001,Eletrônicos,S04,21,257.54,45
2022-11-18,P001,Eletrônicos,S01,19,1278.0,48
2022-11-19,P001,Eletrônicos,S04,18,746.42,40
2022-11-20,P001,Eletrônicos,S02,13,1726.26,26
2022-11-21,P001,Eletrônicos,S02,20,925.89,17
2022-11-22,P001,Eletrônicos,S02,11,466.4,11
2022-11-23,P001,Eletrônicos,S03,21,463.1,12
2022-11-24,P001,Eletrônicos,S03,21,1560.65,32
2022-11-25,P001,Eletrônicos,S04,24,604.62,49
2022-11-26,P001,Eletrônicos,S04,25,1557.74,47
2022-11-27,P001,Eletrônicos,S01,12,491.19,13
2022-11-28,P001,Eletrônicos,S01,18,711.2,29
2022-11-29,P001,Eletrônicos,S04,23,984.43,20
2022-11-30,P001,Eletrônicos,S03,20,1892.07,14
2022-12-01,P001,Eletrônicos,S02,14,1870.29,15
2022-12-02,P001,Eletrônicos,S04,19,493.06,35
2022-12-03,P001,Eletrônicos,S01,16,780.62,16
2022-12-04,P001,Eletrônicos,S03,28,383.86,35
2022-12-05,P001,Eletrônicos,S04,19,1068.97,18
2022-12-06,P001,Eletrônicos,S04,24,975.11,48
2022-12-07,P001,Eletrônicos,S03,19,1811.44,36
2022-12-08,P001,Eletrônicos,S04,18,1867.01,21
2022-12-09,P001,Eletrônicos,S03,21,828.78,39
2022-12-10,P001,Eletrônicos,S02,18,1034.3,5
2022-12-11,P001,Eletrônicos,S03,25,1802.85,33
2022-12-12,P001,Eletrônicos,S03,20,1632.74,8
2022-12-13,P001,Eletrônicos,S03,29,106.95,27
2022-12-14,P001,Eletrônicos,S04,19,708.11,32
2022-12-15,P001,Eletrônicos,S04,25,901.37,20
2022-12-16,P001,Eletrônicos,S03,24,536.46,16
2022-12-17,P001,Eletrônicos,S04,20,479.19,25
2022-12-18,P001,Eletrônicos,S01,20,171.79,49
2022-12-19,P001,Eletrônicos,S01,23,1322.4,21
2022-12-20,P001,Eletrônicos,S04,15,598.77,44
2022-12-21,P001,Eletrônicos,S04,14,199.46,17
2022-12-22,P001,Eletrônicos,S03,12,538.86,36
2022-12-23,P001,Eletrônicos,S02,17,1623.64,41
2022-12-24,P001,Eletrônicos,S04,16,1717.83,19
2022-12-25,P001,Eletrônicos,S01,24,1017.83,16
2022-12-26,P001,Eletrônicos,S03,24,890.53,19
2022-12-27,P001,Eletrônicos,S04,20,1957.92,38
2022-12-28,P001,Eletrônicos,S01,14,481.07,10
2022-12-29,P001,Eletrônicos,S01,19,509.18,21
2022-12-30,P001,Eletrônicos,S02,27,654.55,24
2022-12-31,P001,Eletrônicos,S03,10,428.24,13
2023-01-01,P001,Eletrônicos,S03,17,820.79,9
2023-01-02,P001,Eletrônicos,S02,22,1830.59,27
2023-01-03,P001,Eletrônicos,S02,21,1269.16,37
2023-01-04,P001,Eletrônicos,S03,18,882.7,42
2023-01-05,P001,Eletrônicos,S03,15,1875.38,18
2023-01-06,P001,Eletrônicos,S04,21,192.08,21
2023-01-07,P001,Eletrônicos,S04,14,499.52,23
2023-01-08,P001,Eletrônicos,S02,23,1175.19,37
2023-01-09,P001,Eletrônicos,S04,23,1269.55,5
2023-01-10,P001,Eletrônicos,S01,12,175.16,17
2023-01-11,P001,Eletrônicos,S04,20,865.77,31
2023-01-12,P001,Eletrônicos,S04,29,1333.39,10
2023-01-13,P001,Eletrônicos,S01,22,1426.33,10
2023-01-14,P001,Eletrônicos,S02,19,1312.47,37
2023-01-15,P001,Eletrônicos,S01,21,709.07,34
2023-01-16,P001,Eletrônicos,S04,20,277.69,39
2023-01-17,P001,Eletrônicos,S02,19,911.51,27
2023-01-18,P001,Eletrônicos,S04,24,344.63,14
2023-01-19,P001,Eletrônicos,S01,17,1900.48,23
2023-01-20,P001,Eletrônicos,S01,18,1002.82,32
2023-01-21,P001,Eletrônicos,S04,20,702.79,27
2023-01-22,P001,Eletrônicos,S03,26,1555.98,8
2023-01-23,P001,Eletrônicos,S03,24,1046.1,24
2023-01-24,P001,Eletrônicos,S01,11,689.06,23
2023-01-25,P001,Eletrônicos,S01,27,1642.74,46
2023-01-26,P001,Eletrônicos,S03,20,1747.59,31
2023-01-27,P001,Eletrônicos,S03,22,1378.72,38
2023-01-28,P001,Eletrônicos,S04,18,189.23,8
2023-01-29,P001,Eletrônicos,S04,32,1176.01,42
2023-01-30,P001,Eletrônicos,S03,20,1550.26,11
2023-01-31,P001,Eletrônicos,S04,24,359.36,11
2023-02-01,P001,Eletrônicos,S04,22,534.47,30
2023-02-02,P001,Eletrônicos,S02,19,1776.74,30
2023-02-03,P001,Eletrônicos,S04,20,138.23,23
2023-02-04,P001,Eletrônicos,S01,23,1530.18,13
2023-02-05,P001,Eletrônicos,S04,17,1000.17,24
2023-02-06,P001,Eletrônicos,S04,27,948.87,46
2023-02-07,P001,Eletrônicos,S03,16,113.48,49
2023-02-08,P001,Eletrônicos,S01,27,1656.86,20
2023-02-09,P001,Eletrônicos,S04,15,783.67,21
2023-02-10,P001,Eletrônicos,S04,21,1127.45,26
2023-02-11,P001,Eletrônicos,S02,26,1386.87,17
2023-02-12,P001,Eletrônicos,S04,22,1435.0,16
2023-02-13,P001,Eletrônicos,S04,19,1916.36,14
2023-02-14,P001,Eletrônicos,S02,20,1109.55,5
2023-02-15,P001,Eletrônicos,S03,26,859.47,36
2023-02-16,P001,Eletrônicos,S04,23,1912.04,34
2023-02-17,P001,Eletrônicos,S02,20,1320.01,12
2023-02-18,P001,Eletrônicos,S01,17,666.49,25
2023-02-19,P001,Eletrônicos,S03,25,340.28,26
2023-02-20,P001,Eletrônicos,S01,18,1700.85,22
2023-02-21,P001,Eletrônicos,S01,25,788.15,6
2023-02-22,P001,Eletrônicos,S02,15,1354.89,48
2023-02-23,P001,Eletrônicos,S04,25,994.55,13
2023-02-24,P001,Eletrônicos,S02,16,477.97,7
2023-02-25,P001,Eletrônicos,S02,18,1243.2,30
2023-02-26,P001,Eletrônicos,S02,23,215.3,25
2023-02-27,P001,Eletrônicos,S02,22,885.35,34
2023-02-28,P001,Eletrônicos,S03,25,1138.57,32
2023-03-01,P001,Eletrônicos,S04,14,928.49,40
2023-03-02,P001,Eletrônicos,S01,18,1522.48,30
2023-03-03,P001,Eletrônicos,S01,12,1673.06,38
2023-03-04,P001,Eletrônicos,S04,25,1565.36,12
2023-03-05,P001,Eletrônicos,S01,25,173.74,14
2023-03-06,P001,Eletrônicos,S04,22,468.84,47
2023-03-07,P001,Eletrônicos,S01,20,1119.55,18
2023-03-08,P001,Eletrônicos,S02,16,1876.16,44
2023-03-09,P001,Eletrônicos,S01,17,1686.42,19
2023-03-10,P001,Eletrônicos,S04,22,1700.82,21
2023-03-11,P001,Eletrônicos,S04,27,676.1,22
2023-03-12,P001,Eletrônicos,S04,21,915.95,36
2023-03-13,P001,Eletrônicos,S04,19,994.34,42
2023-03-14,P001,Eletrônicos,S04,26,399.01,27
2023-03-15,P001,Eletrônicos,S03,13,159.03,27
2023-03-16,P001,Eletrônicos,S03,28,1899.12,39
2023-03-17,P001,Eletrônicos,S01,26,557.35,43
2023-03-18,P001,Eletrônicos,S04,27,555.9,19
2023-03-19,P001,Eletrônicos,S01,24,258.42,28
2023-03-20,P001,Eletrônicos,S04,17,1864.16,32
2023-03-21,P001,Eletrônicos,S04,17,1201.5,20
2023-03-22,P001,Eletrônicos,S03,20,1367.37,20
2023-03-23,P001,Eletrônicos,S03,16,1832.0,44
2023-03-24,P001,Eletrônicos,S02,20,756.68,43
2023-03-25,P001,Eletrônicos,S03,21,1280.86,10
2023-03-26,P001,Eletrônicos,S02,17,173.72,6
2023-03-27,P001,Eletrônicos,S02,25,454.87,17
2023-03-28,P001,Eletrônicos,S02,21,1679.37,48
2023-03-29,P001,Eletrônicos,S02,15,1556.86,13
2023-03-30,P001,Eletrônicos,S02,16,766.22,38
2023-03-31,P001,Eletrônicos,S01,20,815.94,21
2023-04-01,P001,Eletrônicos,S03,25,1113.75,31
2023-04-02,P001,Eletrônicos,S02,14,100.46,33
2023-04-03,P001,Eletrônicos,S04,27,558.36,41
2023-04-04,P001,Eletrônicos,S03,21,495.64,47
2023-04-05,P001,Eletrônicos,S03,19,575.92,26
2023-04-06,P001,Eletrônicos,S02,19,1631.22,28
2023-04-07,P001,Eletrônicos,S01,21,631.38,11
2023-04-08,P001,Eletrônicos,S02,19,463.89,38
2023-04-09,P001,Eletrônicos,S01,22,1058.1,16
2023-04-10,P001,Eletrônicos,S04,23,1744.73,27
2023-04-11,P001,Eletrônicos,S03,20,558.56,19
2023-04-12,P001,Eletrônicos,S04,18,249.22,37
2023-04-13,P001,Eletrônicos,S01,21,777.17,17
2023-04-14,P001,Eletrônicos,S01,20,1520.54,27
2023-04-15,P001,Eletrônicos,S04,12,1146.31,42
2023-04-16,P001,Eletrônicos,S01,18,1651.91,36
2023-04-17,P001,Eletrônicos,S04,9,1923.23,49
2023-04-18,P001,Eletrônicos,S03,18,1606.06,39
2023-04-19,P001,Eletrônicos,S04,15,1247.23,5
2023-04-20,P001,Eletrônicos,S03,17,1037.35,49
2023-04-21,P001,Eletrônicos,S04,20,176.13,9
2023-04-22,P001,Eletrônicos,S01,8,1970.21,17
2023-04-23,P001,Eletrônicos,S04,18,828.61,9
2023-04-24,P001,Eletrônicos,S01,21,389.23,36
2023-04-25,P001,Eletrônicos,S04,19,1366.75,25
2023-04-26,P001,Eletrônicos,S04,22,640.15,28
2023-04-27,P001,Eletrônicos,S02,18,1212.98,22
2023-04-28,P001,Eletrônicos,S01,26,1214.86,25
2023-04-29,P001,Eletrônicos,S02,14,946.89,14
2023-04-30,P001,Eletrônicos,S01,19,1688.63,28
2023-05-01,P001,Eletrônicos,S02,19,603.44,44
2023-05-02,P001,Eletrônicos,S03,23,952.4,25
2023-05-03,P001,Eletrônicos,S04,17,1121.62,29
2023-05-04,P001,Eletrônicos,S01,30,1360.89,27
2023-05-05,P001,Eletrônicos,S01,10,1589.55,26
2023-05-06,P001,Eletrônicos,S04,11,850.13,8
2023-05-07,P001,Eletrônicos,S01,23,1327.49,38
2023-05-08,P001,Eletrônicos,S01,18,386.16,10
2023-05-09,P001,Eletrônicos,S02,18,1872.03,32
2023-05-10,P001,Eletrônicos,S01,19,827.81,35
2023-05-11,P001,Eletrônicos,S03,12,1486.09,39
2023-05-12,P001,Eletrônicos,S03,18,138.65,43
2023-05-13,P001,Eletrônicos,S04,22,489.86,46
2023-05-14,P001,Eletrônicos,S01,18,1025.46,27
2023-05-15,P001,Eletrônicos,S04,27,1768.68,10
2023-05-16,P001,Eletrônicos,S03,26,1101.78,20
2023-05-17,P001,Eletrônicos,S01,11,1866.75,6
2023-05-18,P001,Eletrônicos,S01,14,1019.21,28
2023-05-19,P001,Eletrônicos,S04,19,1031.85,21
2023-05-20,P001,Eletrônicos,S03,20,327.52,49
2023-05-21,P001,Eletrônicos,S01,9,1625.05,5
2023-05-22,P001,Eletrônicos,S04,21,569.23,10
2023-05-23,P001,Eletrônicos,S03,23,1809.26,9
2023-05-24,P001,Eletrônicos,S04,25,1830.57,49
2023-05-25,P001,Eletrônicos,S02,19,1892.29,33
2023-05-26,P001,Eletrônicos,S01,17,1088.44,16
2023-05-27,P001,Eletrônicos,S02,24,1386.48,43
2023-05-28,P001,Eletrônicos,S03,19,1579.18,7
2023-05-29,P001,Eletrônicos,S02,21,348.93,5
2023-05-30,P001,Eletrônicos,S02,21,1241.82,31
2023-05-31,P001,Eletrônicos,S03,23,165.17,28
2023-06-01,P001,Eletrônicos,S04,15,1045.38,48
2023-06-02,P001,Eletrônicos,S02,18,394.2,23
2023-06-03,P001,Eletrônicos,S04,22,447.55,12
2023-06-04,P001,Eletrônicos,S02,12,793.59,48
2023-06-05,P001,Eletrônicos,S04,17,921.63,6
2023-06-06,P001,Eletrônicos,S03,21,1284.03,34
2023-06-07,P001,Eletrônicos,S02,19,241.41,34
2023-06-08,P001,Eletrônicos,S03,14,1057.01,43
2023-06-09,P001,Eletrônicos,S02,32,446.99,49
2023-06-10,P001,Eletrônicos,S03,8,1190.55,36
2023-06-11,P001,Eletrônicos,S03,18,1311.07,5
2023-06-12,P001,Eletrônicos,S02,19,1157.75,42
2023-06-13,P001,Eletrônicos,S02,27,1502.76,17
2023-06-14,P001,Eletrônicos,S02,31,737.66,15
2023-06-15,P001,Eletrônicos,S01,26,1553.7,14
2023-06-16,P001,Eletrônicos,S04,18,922.26,30
2023-06-17,P001,Eletrônicos,S01,18,1019.95,24
2023-06-18,P001,Eletrônicos,S01,15,1331.39,21
2023-06-19,P001,Eletrônicos,S03,20,134.88,21
2023-06-20,P001,Eletrônicos,S02,25,1342.59,8
2023-06-21,P001,Eletrônicos,S04,17,1275.31,9
2023-06-22,P001,Eletrônicos,S03,15,688.71,27
2023-06-23,P001,Eletrônicos,S01,18,263.01,14
2023-06-24,P001,Eletrônicos,S02,32,272.78,32
2023-06-25,P001,Eletrônicos,S03,18,1854.13,37
2023-06-26,P001,Eletrônicos,S02,14,1409.63,47
2023-06-27,P001,Eletrônicos,S03,22,341.49,30
2023-06-28,P001,Eletrônicos,S02,26,777.77,33
2023-06-29,P001,Eletrônicos,S01,21,1225.72,31
2023-06-30,P001,Eletrônicos,S04,16,1687.59,22
2023-07-01,P001,Eletrônicos,S01,21,182.96,44
2023-07-02,P001,Eletrônicos,S04,23,549.6,14
2023-07-03,P001,Eletrônicos,S02,26,1790.52,46
2023-07-04,P001,Eletrônicos,S03,24,117.41,9
2023-07-05,P001,Eletrônicos,S01,24,482.66,14
2023-07-06,P001,Eletrônicos,S04,14,1922.15,25
2023-07-07,P001,Eletrônicos,S01,26,1265.46,28
2023-07-08,P001,Eletrônicos,S04,18,597.18,42
2023-07-09,P001,Eletrônicos,S01,16,227.28,7
2023-07-10,P001,Eletrônicos,S04,18,153.56,44
2023-07-11,P001,Eletrônicos,S04,20,565.02,35
2023-07-12,P001,Eletrônicos,S02,19,1774.82,45
2023-07-13,P001,Eletrônicos,S04,24,890.24,41
2023-07-14,P001,Eletrônicos,S02,31,1468.63,6
2023-07-15,P001,Eletrônicos,S04,19,1844.74,6
2023-07-16,P001,Eletrônicos,S03,27,875.28,43
2023-07-17,P001,Eletrônicos,S03,26,463.43,46
2023-07-18,P001,Eletrônicos,S03,20,1082.52,48
2023-07-19,P001,Eletrônicos,S04,28,1825.36,38
2023-07-20,P001,Eletrônicos,S02,20,1628.31,46
2023-07-21,P001,Eletrônicos,S02,23,225.08,24
2023-07-22,P001,Eletrônicos,S04,14,1415.89,37
2023-07-23,P001,Eletrônicos,S03,18,1186.61,8
2023-07-24,P001,Eletrônicos,S03,17,1824.18,49
2023-07-25,P001,Eletrônicos,S02,31,332.71,48
2023-07-26,P001,Eletrônicos,S03,25,1114.67,15
2023-07-27,P001,Eletrônicos,S01,25,1770.98,46
2023-07-28,P001,Eletrônicos,S02,24,879.05,9
2023-07-29,P001,Eletrônicos,S03,21,1015.79,29
2023-07-30,P001,Eletrônicos,S02,20,233.88,41
2023-07-31,P001,Eletrônicos,S01,19,628.47,38
2023-08-01,P001,Eletrônicos,S02,11,716.56,13
2023-08-02,P001,Eletrônicos,S02,30,1895.73,10
2023-08-03,P001,Eletrônicos,S02,30,637.07,22
2023-08-04,P001,Eletrônicos,S02,17,975.65,18
2023-08-05,P001,Eletrônicos,S01,20,1375.48,23
2023-08-06,P001,Eletrônicos,S04,23,408.15,18
2023-08-07,P001,Eletrônicos,S02,12,1024.24,44
2023-08-08,P001,Eletrônicos,S02,17,1503.22,21
2023-08-09,P001,Eletrônicos,S03,17,1747.02,39
2023-08-10,P001,Eletrônicos,S02,28,1289.89,33
2023-08-11,P001,Eletrônicos,S03,27,1371.2,46
2023-08-12,P001,Eletrônicos,S04,20,339.94,21
2023-08-13,P001,Eletrônicos,S01,21,1896.98,47
2023-08-14,P001,Eletrônicos,S01,22,351.89,12
2023-08-15,P001,Eletrônicos,S04,26,1571.88,5
2023-08-16,P001,Eletrônicos,S01,19,603.15,49
2023-08-17,P001,Eletrônicos,S04,22,1873.83,40
2023-08-18,P001,Eletrônicos,S04,22,1467.92,11
2023-08-19,P001,Eletrônicos,S04,24,1532.25,9
2023-08-20,P001,Eletrônicos,S01,20,516.21,28
2023-08-21,P001,Eletrônicos,S03,24,941.78,32
2023-08-22,P001,Eletrônicos,S04,20,1273.85,47
2023-08-23,P001,Eletrônicos,S02,14,1562.95,21
2023-08-24,P001,Eletrônicos,S01,17,297.52,41
2023-08-25,P001,Eletrônicos,S04,20,1928.49,24
2023-08-26,P001,Eletrônicos,S04,17,1791.42,7
2023-08-27,P001,Eletrônicos,S02,23,613.66,41
2023-08-28,P001,Eletrônicos,S03,13,1663.24,30
2023-08-29,P001,Eletrônicos,S03,17,1084.82,19
2023-08-30,P001,Eletrônicos,S03,17,977.43,12
2023-08-31,P001,Eletrônicos,S04,27,697.42,17
2023-09-01,P001,Eletrônicos,S04,27,1203.84,7
2023-09-02,P001,Eletrônicos,S04,32,1486.79,5
2023-09-03,P001,Eletrônicos,S01,23,880.77,13
2023-09-04,P001,Eletrônicos,S02,18,1295.52,35
2023-09-05,P001,Eletrônicos,S04,23,1428.69,45
2023-09-06,P001,Eletrônicos,S02,15,1451.13,30
2023-09-07,P001,Eletrônicos,S02,23,198.74,21
2023-09-08,P001,Eletrônicos,S03,22,1733.52,38
2023-09-09,P001,Eletrônicos,S01,20,970.68,13
2023-09-10,P001,Eletrônicos,S04,19,598.59,17
2023-09-11,P001,Eletrônicos,S03,18,559.35,9
2023-09-12,P001,Eletrônicos,S03,19,1017.73,45
2023-09-13,P001,Eletrônicos,S04,25,1784.98,17
2023-09-14,P001,Eletrônicos,S02,22,818.86,5
2023-09-15,P001,Eletrônicos,S03,26,1524.48,29
2023-09-16,P001,Eletrônicos,S02,22,283.96,8
2023-09-17,P001,Eletrônicos,S01,17,1004.51,40
2023-09-18,P001,Eletrônicos,S02,22,1984.2,14
2023-09-19,P001,Eletrônicos,S01,17,1563.83,32
2023-09-20,P001,Eletrônicos,S02,19,500.0,10
2023-09-21,P001,Eletrônicos,S03,16,1052.74,31
2023-09-22,P001,Eletrônicos,S03,17,543.89,16
2023-09-23,P001,Eletrônicos,S01,11,878.17,7
2023-09-24,P001,Eletrônicos,S04,20,1582.16,37
2023-09-25,P001,Eletrônicos,S01,25,1565.33,14
2023-09-26,P001,Eletrônicos,S01,18,533.39,35
2023-09-27,P001,Eletrônicos,S02,19,1852.22,19
2023-09-28,P001,Eletrônicos,S02,19,1225.88,11
2023-09-29,P001,Eletrônicos,S01,21,821.86,40
2023-09-30,P001,Eletrônicos,S03,20,1053.68,18
2023-10-01,P001,Eletrônicos,S02,17,1249.64,18
2023-10-02,P001,Eletrônicos,S04,24,1163.79,7
2023-10-03,P001,Eletrônicos,S02,35,1024.17,7
2023-10-04,P001,Eletrônicos,S02,24,1059.37,26
2023-10-05,P001,Eletrônicos,S04,17,435.18,23
2023-10-06,P001,Eletrônicos,S01,17,1644.19,39
2023-10-07,P001,Eletrônicos,S04,20,1129.34,16
2023-10-08,P001,Eletrônicos,S01,18,349.05,9
2023-10-09,P001,Eletrônicos,S01,17,1555.7,14
2023-10-10,P001,Eletrônicos,S01,19,1871.64,45
2023-10-11,P001,Eletrônicos,S04,17,1899.88,37
2023-10-12,P001,Eletrônicos,S01,16,801.13,17
2023-10-13,P001,Eletrônicos,S03,20,357.48,39
2023-10-14,P001,Eletrônicos,S04,20,1084.96,36
2023-10-15,P001,Eletrônicos,S03,12,313.96,15
2023-10-16,P001,Eletrônicos,S01,16,1874.58,42
2023-10-17,P001,Eletrônicos,S02,14,448.8,28
2023-10-18,P001,Eletrônicos,S01,24,580.26,39
2023-10-19,P001,Eletrônicos,S03,22,872.61,23
2023-10-20,P001,Eletrônicos,S03,22,828.01,10
2023-10-21,P001,Eletrônicos,S04,18,1609.86,44
2023-10-22,P001,Eletrônicos,S02,17,967.0,49
2023-10-23,P001,Eletrônicos,S04,26,424.46,48
2023-10-24,P001,Eletrônicos,S03,11,607.7,46
2023-10-25,P001,Eletrônicos,S01,19,1067.32,39
2023-10-26,P001,Eletrônicos,S02,31,380.16,8
2023-10-27,P001,Eletrônicos,S01,16,1262.15,37
2023-10-28,P001,Eletrônicos,S01,22,1174.92,17
2023-10-29,P001,Eletrônicos,S02,17,1457.93,40
2023-10-30,P001,Eletrônicos,S04,19,1881.64,47
2023-10-31,P001,Eletrônicos,S01,19,1833.28,23
2023-11-01,P001,Eletrônicos,S03,15,1897.54,47
2023-11-02,P001,Eletrônicos,S01,16,564.96,16
2023-11-03,P001,Eletrônicos,S02,17,349.97,15
2023-11-04,P001,Eletrônicos,S02,21,674.33,10
2023-11-05,P001,Eletrônicos,S02,31,1800.66,16
2023-11-06,P001,Eletrônicos,S04,15,1946.9,31
2023-11-07,P001,Eletrônicos,S01,23,1732.72,45
2023-11-08,P001,Eletrônicos,S04,22,309.03,29
2023-11-09,P001,Eletrônicos,S04,15,1900.11,46
2023-11-10,P001,Eletrônicos,S02,24,904.38,7
2023-11-11,P001,Eletrônicos,S02,18,117.69,7
2023-11-12,P001,Eletrônicos,S04,16,940.55,24
2023-11-13,P001,Eletrônicos,S01,16,187.53,32
2023-11-14,P001,Eletrônicos,S03,25,1133.37,27
2023-11-15,P001,Eletrônicos,S04,13,743.25,7
2023-11-16,P001,Eletrônicos,S01,22,999.53,46
2023-11-17,P001,Eletrônicos,S02,17,1265.02,28
2023-11-18,P001,Eletrônicos,S02,18,1750.72,47
2023-11-19,P001,Eletrônicos,S01,30,1357.61,44
2023-11-20,P001,Eletrônicos,S03,18,924.69,10
2023-11-21,P001,Eletrônicos,S02,16,1656.91,24
2023-11-22,P001,Eletrônicos,S02,18,1820.61,15
2023-11-23,P001,Eletrônicos,S02,16,327.54,36
2023-11-24,P001,Eletrônicos,S01,28,1110.67,31
2023-11-25,P001,Eletrônicos,S04,20,640.57,25
2023-11-26,P001,Eletrônicos,S02,8,189.42,48
2023-11-27,P001,Eletrônicos,S04,21,1370.24,17
2023-11-28,P001,Eletrônicos,S03,21,1739.26,26
2023-11-29,P001,Eletrônicos,S02,24,409.52,39
2023-11-30,P001,Eletrônicos,S02,18,1643.59,26
2023-12-01,P001,Eletrônicos,S03,29,1721.45,32
2023-12-02,P001,Eletrônicos,S02,19,1837.25,25
2023-12-03,P001,Eletrônicos,S04,20,604.04,22
2023-12-04,P001,Eletrônicos,S01,16,1817.51,35
2023-12-05,P001,Eletrônicos,S04,15,709.26,41
2023-12-06,P001,Eletrônicos,S01,25,1149.44,25
2023-12-07,P001,Eletrônicos,S01,12,195.96,18
2023-12-08,P001,Eletrônicos,S04,29,183.37,29
2023-12-09,P001,Eletrônicos,S04,19,1468.71,31
2023-12-10,P001,Eletrônicos,S04,25,944.51,44
2023-12-11,P001,Eletrônicos,S04,23,586.96,27
2023-12-12,P001,Eletrônicos,S03,22,461.79,35
2023-12-13,P001,Eletrônicos,S02,26,1372.91,33
2023-12-14,P001,Eletrônicos,S01,17,100.76,34
2023-12-15,P001,Eletrônicos,S04,8,1631.19,30
2023-12-16,P001,Eletrônicos,S04,24,250.57,24
2023-12-17,P001,Eletrônicos,S04,19,463.83,42
2023-12-18,P001,Eletrônicos,S03,16,833.85,23
2023-12-19,P001,Eletrônicos,S04,17,1021.23,31
2023-12-20,P001,Eletrônicos,S04,33,774.49,29
2023-12-21,P001,Eletrônicos,S04,22,709.35,44
2023-12-22,P001,Eletrônicos,S02,25,1931.44,42
2023-12-23,P001,Eletrônicos,S03,17,1319.0,27
2023-12-24,P001,Eletrônicos,S04,15,144.52,33
2023-12-25,P001,Eletrônicos,S01,18,917.33,19
2023-12-26,P001,Eletrônicos,S01,22,1762.52,7
2023-12-27,P001,Eletrônicos,S01,21,672.77,14
2023-12-28,P001,Eletrônicos,S03,15,279.66,19
2023-12-29,P001,Eletrônicos,S03,9,1540.93,20
2023-12-30,P001,Eletrônicos,S01,21,1251.43,21
2023-12-31,P001,Eletrônicos,S04,23,1183.59,23
2022-01-01,P002,Roupas,S03,13,201.8,15
2022-01-02,P002,Roupas,S01,20,366.95,9
2022-01-03,P002,Roupas,S01,28,1282.84,9
2022-01-04,P002,Roupas,S04,23,494.87,18
2022-01-05,P002,Roupas,S02,19,1057.73,30
2022-01-06,P002,Roupas,S03,23,1135.28,12
2022-01-07,P002,Roupas,S04,26,638.66,9
2022-01-08,P002,Roupas,S01,24,1902.01,11
2022-01-09,P002,Roupas,S01,18,1700.68,20
2022-01-10,P002,Roupas,S04,23,1472.51,18
2022-01-11,P002,Roupas,S03,20,248.19,41
2022-01-12,P002,Roupas,S02,15,301.65,45
2022-01-13,P002,Roupas,S02,23,1036.28,8
2022-01-14,P002,Roupas,S01,33,405.36,40
2022-01-15,P002,Roupas,S03,16,1958.7,21
2022-01-16,P002,Roupas,S02,25,401.19,40
2022-01-17,P002,Roupas,S03,33,1026.19,10
2022-01-18,P002,Roupas,S03,20,791.83,20
2022-01-19,P002,Roupas,S01,26,1314.83,33
2022-01-20,P002,Roupas,S02,24,345.17,40
2022-01-21,P002,Roupas,S04,19,917.6,42
2022-01-22,P002,Roupas,S01,26,621.94,41
2022-01-23,P002,Roupas,S02,17,1786.73,14
2022-01-24,P002,Roupas,S02,26,177.11,45
2022-01-25,P002,Roupas,S02,24,1836.08,40
2022-01-26,P002,Roupas,S02,22,1682.69,33
2022-01-27,P002,Roupas,S02,17,665.38,18
2022-01-28,P002,Roupas,S03,18,1599.65,8
2022-01-29,P002,Roupas,S01,18,159.31,48
2022-01-30,P002,Roupas,S03,19,1937.04,46
2022-01-31,P002,Roupas,S04,24,1100.53,40
2022-02-01,P002,Roupas,S02,19,676.23,49
2022-02-02,P002,Roupas,S01,18,788.91,17
2022-02-03,P002,Roupas,S02,22,226.17,22
2022-02-04,P002,Roupas,S01,22,1979.76,37
2022-02-05,P002,Roupas,S03,19,174.65,25
2022-02-06,P002,Roupas,S01,13,1344.32,20
2022-02-07,P002,Roupas,S04,17,941.2,19
2022-02-08,P002,Roupas,S04,20,1902.94,9
2022-02-09,P002,Roupas,S01,34,567.4,10
2022-02-10,P002,Roupas,S01,19,1110.96,42
2022-02-11,P002,Roupas,S01,23,1016.48,7
2022-02-12,P002,Roupas,S01,18,1435.45,16
2022-02-13,P002,Roupas,S04,17,229.22,40
2022-02-14,P002,Roupas,S02,20,468.2,37
2022-02-15,P002,Roupas,S01,17,507.67,40
2022-02-16,P002,Roupas,S01,12,1502.49,37
2022-02-17,P002,Roupas,S04,30,459.36,35
2022-02-18,P002,Roupas,S04,13,1189.63,25
2022-02-19,P002,Roupas,S03,22,508.96,31
2022-02-20,P002,Roupas,S01,17,1737.09,31
2022-02-21,P002,Roupas,S03,32,1890.15,12
2022-02-22,P002,Roupas,S04,22,1085.14,41
2022-02-23,P002,Roupas,S04,21,769.39,36
2022-02-24,P002,Roupas,S02,17,544.71,30
2022-02-25,P002,Roupas,S01,13,194.58,6
2022-02-26,P002,Roupas,S03,29,610.15,16
2022-02-27,P002,Roupas,S04,26,1343.05,26
2022-02-28,P002,Roupas,S04,21,1113.87,21
2022-03-01,P002,Roupas,S03,22,1893.68,11
2022-03-02,P002,Roupas,S02,16,852.93,47
2022-03-03,P002,Roupas,S04,31,1418.34,8
2022-03-04,P002,Roupas,S01,25,1029.71,41
2022-03-05,P002,Roupas,S04,13,1073.89,42
2022-03-06,P002,Roupas,S01,19,608.77,36
2022-03-07,P002,Roupas,S03,19,964.41,15
2022-03-08,P002,Roupas,S01,19,994.49,5
2022-03-09,P002,Roupas,S03,21,1442.62,29
2022-03-10,P002,Roupas,S01,16,1887.22,46
2022-03-11,P002,Roupas,S03,13,725.71,28
2022-03-12,P002,Roupas,S01,26,180.18,47
2022-03-13,P002,Roupas,S02,16,1042.96,21
2022-03-14,P002,Roupas,S01,16,1134.48,12
2022-03-15,P002,Roupas,S01,19,420.04,49
2022-03-16,P002,Roupas,S02,21,1544.88,31
2022-03-17,P002,Roupas,S04,21,1971.37,22
2022-03-18,P002,Roupas,S04,22,1896.97,31
2022-03-19,P002,Roupas,S01,23,474.5,26
2022-03-20,P002,Roupas,S02,12,1763.19,20
2022-03-21,P002,Roupas,S01,28,1438.54,6
2022-03-22,P002,Roupas,S03,20,962.31,9
2022-03-23,P002,Roupas,S03,18,1127.16,22
2022-03-24,P002,Roupas,S01,22,1714.24,7
2022-03-25,P002,Roupas,S04,19,1012.26,31
2022-03-26,P002,Roupas,S04,16,809.09,21
2022-03-27,P002,Roupas,S01,19,1037.17,20
2022-03-28,P002,Roupas,S01,17,1200.35,10
2022-03-29,P002,Roupas,S03,20,459.25,11
2022-03-30,P002,Roupas,S04,20,1811.72,18
2022-03-31,P002,Roupas,S01,19,1380.96,42
2022-04-01,P002,Roupas,S03,17,1303.21,44
2022-04-02,P002,Roupas,S04,15,289.04,19
2022-04-03,P002,Roupas,S02,15,1247.93,37
2022-04-04,P002,Roupas,S03,26,329.83,47
2022-04-05,P002,Roupas,S04,22,249.53,31
2022-04-06,P002,Roupas,S04,17,1101.89,33
2022-04-07,P002,Roupas,S03,16,865.29,41
2022-04-08,P002,Roupas,S02,20,1218.74,9
2022-04-09,P002,Roupas,S03,18,269.52,33
2022-04-10,P002,Roupas,S04,24,918.87,36
2022-04-11,P002,Roupas,S01,18,432.09,10
2022-04-12,P002,Roupas,S01,26,1975.49,6
2022-04-13,P002,Roupas,S03,18,1166.19,10
2022-04-14,P002,Roupas,S04,20,1406.13,47
2022-04-15,P002,Roupas,S01,23,718.29,8
2022-04-16,P002,Roupas,S04,21,280.0,33
2022-04-17,P002,Roupas,S03,22,1954.15,29
2022-04-18,P002,Roupas,S01,23,643.89,13
2022-04-19,P002,Roupas,S04,14,905.24,7
2022-04-20,P002,Roupas,S01,23,1334.74,30
2022-04-21,P002,Roupas,S03,15,146.92,47
2022-04-22,P002,Roupas,S04,26,1639.49,31
2022-04-23,P002,Roupas,S01,18,1119.5,40
2022-04-24,P002,Roupas,S03,16,628.61,36
2022-04-25,P002,Roupas,S01,21,217.06,5
2022-04-26,P002,Roupas,S01,11,408.75,20
2022-04-27,P002,Roupas,S02,16,1800.56,15
2022-04-28,P002,Roupas,S02,31,1403.45,30
2022-04-29,P002,Roupas,S03,21,574.81,44
2022-04-30,P002,Roupas,S02,19,224.64,5
2022-05-01,P002,Roupas,S03,23,1412.17,30
2022-05-02,P002,Roupas,S02,15,1187.57,32
2022-05-03,P002,Roupas,S01,19,868.59,13
2022-05-04,P002,Roupas,S03,22,790.86,48
2022-05-05,P002,Roupas,S03,14,511.95,26
2022-05-06,P002,Roupas,S01,14,1372.26,12
2022-05-07,P002,Roupas,S03,14,1944.27,46
2022-05-08,P002,Roupas,S03,16,433.86,31
2022-05-09,P002,Roupas,S02,27,1234.52,43
2022-05-10,P002,Roupas,S03,20,905.95,23
2022-05-11,P002,Roupas,S04,12,948.71,29
2022-05-12,P002,Roupas,S01,21,582.88,42
2022-05-13,P002,Roupas,S02,23,1667.76,25
2022-05-14,P002,Roupas,S02,20,1021.99,28
2022-05-15,P002,Roupas,S04,20,1132.47,28
2022-05-16,P002,Roupas,S01,24,679.05,23
2022-05-17,P002,Roupas,S01,26,445.44,6
2022-05-18,P002,Roupas,S02,12,263.23,18
2022-05-19,P002,Roupas,S03,16,1456.83,36
2022-05-20,P002,Roupas,S02,26,472.85,46
2022-05-21,P002,Roupas,S01,12,1411.14,36
2022-05-22,P002,Roupas,S04,24,841.72,32
2022-05-23,P002,Roupas,S02,17,889.97,43
2022-05-24,P002,Roupas,S01,18,991.44,44
2022-05-25,P002,Roupas,S02,12,798.65,46
2022-05-26,P002,Roupas,S03,19,291.18,44
2022-05-27,P002,Roupas,S02,22,688.3,17
2022-05-28,P002,Roupas,S02,22,1361.1,16
2022-05-29,P002,Roupas,S01,24,1364.99,12
2022-05-30,P002,Roupas,S01,21,643.83,19
2022-05-31,P002,Roupas,S01,20,974.19,30
2022-06-01,P002,Roupas,S02,22,467.55,16
2022-06-02,P002,Roupas,S03,23,499.71,47
2022-06-03,P002,Roupas,S04,24,143.79,31
2022-06-04,P002,Roupas,S04,21,1803.82,22
2022-06-05,P002,Roupas,S01,15,500.34,49
2022-06-06,P002,Roupas,S01,23,532.31,40
2022-06-07,P002,Roupas,S02,16,631.24,31
2022-06-08,P002,Roupas,S04,16,342.08,13
2022-06-09,P002,Roupas,S01,19,1314.6,43
2022-06-10,P002,Roupas,S03,20,242.77,5
2022-06-11,P002,Roupas,S03,12,354.98,11
2022-06-12,P002,Roupas,S01,18,1325.04,30
2022-06-13,P002,Roupas,S01,22,745.36,11
2022-06-14,P002,Roupas,S04,17,1445.1,11
2022-06-15,P002,Roupas,S04,17,1159.11,12
2022-06-16,P002,Roupas,S02,22,586.44,20
2022-06-17,P002,Roupas,S04,17,1336.57,7
2022-06-18,P002,Roupas,S03,23,320.92,49
2022-06-19,P002,Roupas,S03,21,1119.18,14
2022-06-20,P002,Roupas,S01,22,930.58,11
2022-06-21,P002,Roupas,S04,24,608.96,25
2022-06-22,P002,Roupas,S02,15,1247.61,41
2022-06-23,P002,Roupas,S03,23,1755.53,35
2022-06-24,P002,Roupas,S03,19,1997.92,27
2022-06-25,P002,Roupas,S02,17,1254.75,31
2022-06-26,P002,Roupas,S02,26,868.94,26
2022-06-27,P002,Roupas,S03,21,527.89,43
2022-06-28,P002,Roupas,S03,22,588.48,31
2022-06-29,P002,Roupas,S02,18,1010.96,8
2022-06-30,P002,Roupas,S03,25,797.83,28
2022-07-01,P002,Roupas,S01,21,1836.25,27
2022-07-02,P002,Roupas,S01,18,799.76,23
2022-07-03,P002,Roupas,S02,14,809.54,46
2022-07-04,P002,Roupas,S04,18,828.72,7
2022-07-05,P002,Roupas,S02,21,1689.58,31
2022-07-06,P002,Roupas,S02,22,1336.5,7
2022-07-07,P002,Roupas,S04,22,1266.92,32
2022-07-08,P002,Roupas,S04,22,734.87,21
2022-07-09,P002,Roupas,S04,21,1654.02,35
2022-07-10,P002,Roupas,S01,19,172.89,14
2022-07-11,P002,Roupas,S03,18,1754.51,26
2022-07-12,P002,Roupas,S01,21,1074.22,34
2022-07-13,P002,Roupas,S03,28,856.68,25
2022-07-14,P002,Roupas,S01,20,1044.62,40
2022-07-15,P002,Roupas,S03,22,1368.09,27
2022-07-16,P002,Roupas,S01,23,124.25,42
2022-07-17,P002,Roupas,S04,10,1755.95,16
2022-07-18,P002,Roupas,S02,22,948.81,29
2022-07-19,P002,Roupas,S01,18,751.64,24
2022-07-20,P002,Roupas,S03,15,362.67,46
2022-07-21,P002,Roupas,S04,23,934.98,11
2022-07-22,P002,Roupas,S01,22,1043.01,33
2022-07-23,P002,Roupas,S01,15,866.93,33
2022-07-24,P002,Roupas,S04,21,1389.45,17
2022-07-25,P002,Roupas,S01,23,899.7,7
2022-07-26,P002,Roupas,S02,22,1926.69,6
2022-07-27,P002,Roupas,S01,15,1238.63,20
2022-07-28,P002,Roupas,S02,24,1634.21,34
2022-07-29,P002,Roupas,S02,20,307.78,42
2022-07-30,P002,Roupas,S04,19,854.85,10
2022-07-31,P002,Roupas,S01,21,740.01,49
2022-08-01,P002,Roupas,S04,28,1182.02,11
2022-08-02,P002,Roupas,S01,21,1736.12,9
2022-08-03,P002,Roupas,S01,10,248.84,11
2022-08-04,P002,Roupas,S03,19,237.89,38
2022-08-05,P002,Roupas,S01,21,1715.6,36
2022-08-06,P002,Roupas,S04,26,504.42,17
2022-08-07,P002,Roupas,S02,16,1370.63,34
2022-08-08,P002,Roupas,S01,26,1131.47,29
2022-08-09,P002,Roupas,S03,23,1682.5,25
2022-08-10,P002,Roupas,S04,19,337.67,25
2022-08-11,P002,Roupas,S01,11,346.59,32
2022-08-12,P002,Roupas,S04,29,1157.95,24
2022-08-13,P002,Roupas,S03,18,1898.12,38
2022-08-14,P002,Roupas,S03,16,888.5,9
2022-08-15,P002,Roupas,S04,20,721.19,22
2022-08-16,P002,Roupas,S01,13,1252.71,43
2022-08-17,P002,Roupas,S02,19,1867.85,47
2022-08-18,P002,Roupas,S03,24,1690.16,15
2022-08-19,P002,Roupas,S01,17,1991.42,21
2022-08-20,P002,Roupas,S01,14,142.88,49
2022-08-21,P002,Roupas,S02,18,314.43,26
2022-08-22,P002,Roupas,S03,11,1257.99,41
2022-08-23,P002,Roupas,S03,25,1659.1,24
2022-08-24,P002,Roupas,S01,18,641.96,10
2022-08-25,P002,Roupas,S01,15,554.5,38
2022-08-26,P002,Roupas,S02,20,1595.25,18
2022-08-27,P002,Roupas,S02,21,207.13,27
2022-08-28,P002,Roupas,S03,14,801.83,24
2022-08-29,P002,Roupas,S04,20,1061.04,17
2022-08-30,P002,Roupas,S03,22,1164.66,48
2022-08-31,P002,Roupas,S01,20,1484.37,45
2022-09-01,P002,Roupas,S03,19,774.21,36
2022-09-02,P002,Roupas,S04,25,1264.1,30
2022-09-03,P002,Roupas,S02,19,1212.21,18
2022-09-04,P002,Roupas,S04,23,1140.47,40
2022-09-05,P002,Roupas,S04,22,1316.92,12
2022-09-06,P002,Roupas,S04,26,592.95,44
2022-09-07,P002,Roupas,S02,20,260.83,26
2022-09-08,P002,Roupas,S04,18,326.62,26
2022-09-09,P002,Roupas,S04,20,526.71,20
2022-09-10,P002,Roupas,S04,20,1050.38,31
2022-09-11,P002,Roupas,S01,25,1696.84,14
2022-09-12,P002,Roupas,S04,26,1432.46,29
2022-09-13,P002,Roupas,S02,18,1599.18,35
2022-09-14,P002,Roupas,S04,24,766.85,25
2022-09-15,P002,Roupas,S04,15,868.84,31
2022-09-16,P002,Roupas,S02,21,848.0,21
2022-09-17,P002,Roupas,S04,22,464.56,37
2022-09-18,P002,Roupas,S02,21,216.31,35
2022-09-19,P002,Roupas,S04,22,1222.74,46
2022-09-20,P002,Roupas,S02,21,1979.51,30
2022-09-21,P002,Roupas,S04,17,416.98,25
2022-09-22,P002,Roupas,S04,14,188.7,40
2022-09-23,P002,Roupas,S01,24,1581.11,5
2022-09-24,P002,Roupas,S01,13,579.91,8
2022-09-25,P002,Roupas,S04,25,1676.32,8
2022-09-26,P002,Roupas,S04,15,1437.48,30
2022-09-27,P002,Roupas,S03,16,1896.78,8
2022-09-28,P002,Roupas,S02,26,876.96,13
2022-09-29,P002,Roupas,S03,17,1357.74,34
2022-09-30,P002,Roupas,S01,22,983.22,49
2022-10-01,P002,Roupas,S01,15,1298.12,8
2022-10-02,P002,Roupas,S01,18,954.24,9
2022-10-03,P002,Roupas,S01,20,458.4,49
2022-10-04,P002,Roupas,S04,9,1065.01,27
2022-10-05,P002,Roupas,S01,16,1104.31,20
2022-10-06,P002,Roupas,S04,27,1640.15,26
2022-10-07,P002,Roupas,S04,19,1497.49,41
2022-10-08,P002,Roupas,S01,15,1361.2,12
2022-10-09,P002,Roupas,S01,19,315.44,37
2022-10-10,P002,Roupas,S02,19,1469.17,42
2022-10-11,P002,Roupas,S03,15,1050.58,47
2022-10-12,P002,Roupas,S01,16,1798.79,20
2022-10-13,P002,Roupas,S02,20,1847.75,9
2022-10-14,P002,Roupas,S02,27,204.8,20
2022-10-15,P002,Roupas,S03,20,1659.22,11
2022-10-16,P002,Roupas,S04,19,171.63,5
2022-10-17,P002,Roupas,S01,15,797.62,13
2022-10-18,P002,Roupas,S03,19,1130.37,22
2022-10-19,P002,Roupas,S01,13,381.39,49
2022-10-20,P002,Roupas,S02,17,1518.0,7
2022-10-21,P002,Roupas,S02,18,115.87,28
2022-10-22,P002,Roupas,S04,18,420.34,32
2022-10-23,P002,Roupas,S02,14,1203.51,14
2022-10-24,P002,Roupas,S02,16,1457.34,13
2022-10-25,P002,Roupas,S03,18,1841.62,17
2022-10-26,P002,Roupas,S01,20,1440.44,39
2022-10-27,P002,Roupas,S01,16,1376.38,27
2022-10-28,P002,Roupas,S03,17,849.25,21
2022-10-29,P002,Roupas,S04,22,102.44,11
2022-10-30,P002,Roupas,S01,26,328.3,20
2022-10-31,P002,Roupas,S02,17,1115.65,44
2022-11-01,P002,Roupas,S01,32,1382.75,40
2022-11-02,P002,Roupas,S02,23,893.15,24
2022-11-03,P002,Roupas,S04,17,1488.29,28
2022-11-04,P002,Roupas,S03,12,1091.54,9
2022-11-05,P002,Roupas,S01,17,240.93,49
2022-11-06,P002,Roupas,S03,15,464.83,10
2022-11-07,P002,Roupas,S01,28,1696.0,32
2022-11-08,P002,Roupas,S02,13,1477.33,9
2022-11-09,P002,Roupas,S03,21,1800.05,43
2022-11-10,P002,Roupas,S01,20,323.36,42
2022-11-11,P002,Roupas,S02,20,1981.42,6
2022-11-12,P002,Roupas,S03,21,497.87,47
2022-11-13,P002,Roupas,S03,11,122.38,43
2022-11-14,P002,Roupas,S01,16,1995.1,25
2022-11-15,P002,Roupas,S01,19,634.04,44
2022-11-16,P002,Roupas,S01,27,1369.24,41
2022-11-17,P002,Roupas,S02,23,435.7,22
2022-11-18,P002,Roupas,S01,15,1202.43,16
2022-11-19,P002,Roupas,S03,18,1817.67,21
2022-11-20,P002,Roupas,S03,25,708.34,41
2022-11-21,P002,Roupas,S01,23,1373.48,42
2022-11-22,P002,Roupas,S01,17,457.02,19
2022-11-23,P002,Roupas,S04,17,1287.11,11
2022-11-24,P002,Roupas,S03,19,739.26,18
2022-11-25,P002,Roupas,S02,14,501.3,5
2022-11-26,P002,Roupas,S04,27,695.05,42
2022-11-27,P002,Roupas,S01,23,439.8,7
2022-11-28,P002,Roupas,S01,28,1813.64,41
2022-11-29,P002,Roupas,S03,21,854.66,48
2022-11-30,P002,Roupas,S01,27,566.03,35
2022-12-01,P002,Roupas,S02,18,951.97,47
2022-12-02,P002,Roupas,S03,13,709.02,17
2022-12-03,P002,Roupas,S01,19,1514.4,22
2022-12-04,P002,Roupas,S03,23,1945.32,21
2022-12-05,P002,Roupas,S01,22,932.26,21
2022-12-06,P002,Roupas,S01,13,1735.96,15
2022-12-07,P002,Roupas,S01,21,1175.14,24
2022-12-08,P002,Roupas,S02,33,398.75,14
2022-12-09,P002,Roupas,S02,18,1412.18,33
2022-12-10,P002,Roupas,S03,19,1075.53,38
2022-12-11,P002,Roupas,S01,21,1336.15,21
2022-12-12,P002,Roupas,S01,21,1790.41,46
2022-12-13,P002,Roupas,S02,20,936.83,17
2022-12-14,P002,Roupas,S01,18,1812.24,48
2022-12-15,P002,Roupas,S02,18,1526.27,43
2022-12-16,P002,Roupas,S01,12,1028.35,31
2022-12-17,P002,Roupas,S03,20,1246.12,30
2022-12-18,P002,Roupas,S01,16,718.6,32
2022-12-19,P002,Roupas,S01,24,1968.83,17
2022-12-20,P002,Roupas,S04,18,1367.97,16
2022-12-21,P002,Roupas,S02,22,183.31,48
2022-12-22,P002,Roupas,S01,19,720.58,32
2022-12-23,P002,Roupas,S01,21,1284.3,6
2022-12-24,P002,Roupas,S04,12,207.03,41
2022-12-25,P002,Roupas,S04,14,145.38,38
2022-12-26,P002,Roupas,S02,29,955.05,27
2022-12-27,P002,Roupas,S04,12,732.11,49
2022-12-28,P002,Roupas,S03,21,932.77,33
2022-12-29,P002,Roupas,S04,21,599.12,39
2022-12-30,P002,Roupas,S03,16,412.96,15
2022-12-31,P002,Roupas,S02,18,1409.37,37
2023-01-01,P002,Roupas,S02,22,1077.69,15
2023-01-02,P002,Roupas,S02,12,480.29,13
2023-01-03,P002,Roupas,S02,15,707.22,18
2023-01-04,P002,Roupas,S02,25,1224.44,13
2023-01-05,P002,Roupas,S03,19,237.24,43
2023-01-06,P002,Roupas,S03,26,380.16,7
2023-01-07,P002,Roupas,S02,16,239.17,33
2023-01-08,P002,Roupas,S04,16,1643.4,23
2023-01-09,P002,Roupas,S01,28,1529.58,40
2023-01-10,P002,Roupas,S02,22,1531.29,36
2023-01-11,P002,Roupas,S04,19,1461.02,11
2023-01-12,P002,Roupas,S01,20,1371.83,32
2023-01-13,P002,Roupas,S02,19,1006.28,48
2023-01-14,P002,Roupas,S02,25,1320.33,22
2023-01-15,P002,Roupas,S03,25,172.89,9
2023-01-16,P002,Roupas,S01,25,1280.78,27
2023-01-17,P002,Roupas,S01,18,1577.97,26
2023-01-18,P002,Roupas,S04,20,1050.68,30
2023-01-19,P002,Roupas,S03,17,779.28,46
2023-01-20,P002,Roupas,S03,18,627.11,16
2023-01-21,P002,Roupas,S03,17,1321.32,44
2023-01-22,P002,Roupas,S03,19,1416.32,23
2023-01-23,P002,Roupas,S01,18,1754.84,5
2023-01-24,P002,Roupas,S01,19,750.43,7
2023-01-25,P002,Roupas,S02,22,1562.57,31
2023-01-26,P002,Roupas,S02,15,1166.58,22
2023-01-27,P002,Roupas,S03,16,1777.39,34
2023-01-28,P002,Roupas,S03,21,1102.84,6
2023-01-29,P002,Roupas,S03,15,1083.5,9
2023-01-30,P002,Roupas,S02,19,1197.97,33
2023-01-31,P002,Roupas,S04,27,1523.7,37
2023-02-01,P002,Roupas,S04,18,1932.91,46
2023-02-02,P002,Roupas,S02,21,239.77,24
2023-02-03,P002,Roupas,S02,16,201.53,34
2023-02-04,P002,Roupas,S02,14,1881.35,46
2023-02-05,P002,Roupas,S02,19,1106.76,9
2023-02-06,P002,Roupas,S02,18,1268.32,25
2023-02-07,P002,Roupas,S02,21,1016.6,19
2023-02-08,P002,Roupas,S03,24,277.95,24
2023-02-09,P002,Roupas,S03,19,1559.37,12
2023-02-10,P002,Roupas,S03,21,1519.73,35
2023-02-11,P002,Roupas,S03,23,692.24,16
2023-02-12,P002,Roupas,S02,27,681.85,25
2023-02-13,P002,Roupas,S04,21,1691.9,34
2023-02-14,P002,Roupas,S01,19,237.48,31
2023-02-15,P002,Roupas,S02,24,1774.1,48
2023-02-16,P002,Roupas,S01,16,587.66,30
2023-02-17,P002,Roupas,S04,28,1226.67,37
2023-02-18,P002,Roupas,S03,19,1878.39,30
2023-02-19,P002,Roupas,S04,26,1388.43,30
2023-02-20,P002,Roupas,S02,16,887.42,40
2023-02-21,P002,Roupas,S03,19,1410.11,44
2023-02-22,P002,Roupas,S02,19,753.56,5
2023-02-23,P002,Roupas,S03,15,626.79,19
2023-02-24,P002,Roupas,S01,24,1993.7,5
2023-02-25,P002,Roupas,S01,15,1526.5,15
2023-02-26,P002,Roupas,S01,17,1324.97,6
2023-02-27,P002,Roupas,S04,19,775.05,5
2023-02-28,P002,Roupas,S02,11,193.41,35
2023-03-01,P002,Roupas,S04,18,159.01,48
2023-03-02,P002,Roupas,S01,15,1152.94,20
2023-03-03,P002,Roupas,S02,17,1547.86,26
2023-03-04,P002,Roupas,S01,27,1121.02,46
2023-03-05,P002,Roupas,S04,16,1697.49,22
2023-03-06,P002,Roupas,S04,16,163.51,21
2023-03-07,P002,Roupas,S04,25,796.83,34
2023-03-08,P002,Roupas,S01,25,550.43,14
2023-03-09,P002,Roupas,S02,15,949.82,39
2023-03-10,P002,Roupas,S02,18,237.52,25
2023-03-11,P002,Roupas,S01,17,1912.85,20
2023-03-12,P002,Roupas,S02,24,524.19,10
2023-03-13,P002,Roupas,S01,21,1852.38,7
2023-03-14,P002,Roupas,S02,17,909.2,45
2023-03-15,P002,Roupas,S03,22,1972.5,47
2023-03-16,P002,Roupas,S03,19,1152.71,25
2023-03-17,P002,Roupas,S04,21,1868.58,17
2023-03-18,P002,Roupas,S03,16,110.16,22
2023-03-19,P002,Roupas,S03,21,1521.65,28
2023-03-20,P002,Roupas,S03,16,1815.8,31
2023-03-21,P002,Roupas,S01,13,365.47,8
2023-03-22,P002,Roupas,S03,25,282.64,26
2023-03-23,P002,Roupas,S03,22,906.69,28
2023-03-24,P002,Roupas,S04,21,1873.99,44
2023-03-25,P002,Roupas,S03,21,1130.53,49
2023-03-26,P002,Roupas,S03,17,1102.17,14
2023-03-27,P002,Roupas,S02,16,368.14,6
2023-03-28,P002,Roupas,S04,16,101.5,44
2023-03-29,P002,Roupas,S04,23,1639.27,10
2023-03-30,P002,Roupas,S04,11,266.39,22
2023-03-31,P002,Roupas,S04,21,1304.31,21
2023-04-01,P002,Roupas,S04,18,1837.77,42
2023-04-02,P002,Roupas,S04,28,496.44,49
2023-04-03,P002,Roupas,S01,19,1364.02,27
2023-04-04,P002,Roupas,S03,12,249.53,34
2023-04-05,P002,Roupas,S04,19,1247.13,25
2023-04-06,P002,Roupas,S03,15,411.47,14
2023-04-07,P002,Roupas,S03,21,1498.31,47
2023-04-08,P002,Roupas,S01,20,672.34,17
2023-04-09,P002,Roupas,S04,13,980.44,16
2023-04-10,P002,Roupas,S02,18,1238.92,13
2023-04-11,P002,Roupas,S01,19,425.42,8
2023-04-12,P002,Roupas,S02,23,1509.11,43
2023-04-13,P002,Roupas,S03,20,675.02,28
2023-04-14,P002,Roupas,S03,22,1358.51,38
2023-04-15,P002,Roupas,S01,29,400.74,43
2023-04-16,P002,Roupas,S01,16,1407.42,45
2023-04-17,P002,Roupas,S02,22,343.56,9
2023-04-18,P002,Roupas,S04,18,908.18,19
2023-04-19,P002,Roupas,S02,21,569.69,8
2023-04-20,P002,Roupas,S01,14,1521.91,43
2023-04-21,P002,Roupas,S02,22,597.87,12
2023-04-22,P002,Roupas,S01,19,1775.26,49
2023-04-23,P002,Roupas,S02,24,1794.46,28
2023-04-24,P002,Roupas,S01,18,473.24,32
2023-04-25,P002,Roupas,S01,21,1266.31,47
2023-04-26,P002,Roupas,S01,12,266.66,31
2023-04-27,P002,Roupas,S04,18,843.92,5
2023-04-28,P002,Roupas,S02,18,1455.31,38
2023-04-29,P002,Roupas,S02,13,1352.9,21
2023-04-30,P002,Roupas,S02,13,1286.93,41
2023-05-01,P002,Roupas,S01,20,636.83,42
2023-05-02,P002,Roupas,S02,25,818.25,30
2023-05-03,P002,Roupas,S02,17,295.6,28
2023-05-04,P002,Roupas,S01,22,1466.14,43
2023-05-05,P002,Roupas,S03,17,1057.39,25
2023-05-06,P002,Roupas,S01,22,1446.65,34
2023-05-07,P002,Roupas,S02,21,572.99,17
2023-05-08,P002,Roupas,S01,23,716.43,41
2023-05-09,P002,Roupas,S03,26,735.01,7
2023-05-10,P002,Roupas,S01,23,148.91,36
2023-05-11,P002,Roupas,S02,15,747.99,39
2023-05-12,P002,Roupas,S03,17,1626.28,23
2023-05-13,P002,Roupas,S04,22,1804.87,18
2023-05-14,P002,Roupas,S02,15,1084.61,26
2023-05-15,P002,Roupas,S03,32,965.45,21
2023-05-16,P002,Roupas,S03,20,158.57,8
2023-05-17,P002,Roupas,S04,20,1770.49,49
2023-05-18,P002,Roupas,S01,11,124.72,44
2023-05-19,P002,Roupas,S01,21,1895.03,23
2023-05-20,P002,Roupas,S02,16,1029.51,41
2023-05-21,P002,Roupas,S04,25,749.68,6
2023-05-22,P002,Roupas,S01,20,1856.02,19
2023-05-23,P002,Roupas,S04,16,146.34,6
2023-05-24,P002,Roupas,S01,21,1204.71,15
2023-05-25,P002,Roupas,S03,25,1142.97,49
2023-05-26,P002,Roupas,S01,23,516.71,27
2023-05-27,P002,Roupas,S04,22,914.89,14
2023-05-28,P002,Roupas,S03,15,1339.3,7
2023-05-29,P002,Roupas,S03,21,1481.55,9
2023-05-30,P002,Roupas,S03,27,101.36,7
2023-05-31,P002,Roupas,S04,17,1880.02,42
2023-06-01,P002,Roupas,S02,24,412.6,17
2023-06-02,P002,Roupas,S02,18,543.8,46
2023-06-03,P002,Roupas,S02,19,600.6,23
2023-06-04,P002,Roupas,S04,19,171.86,44
2023-06-05,P002,Roupas,S03,29,333.8,39
2023-06-06,P002,Roupas,S02,14,1974.06,28
2023-06-07,P002,Roupas,S04,33,698.91,28
2023-06-08,P002,Roupas,S02,11,319.07,21
2023-06-09,P002,Roupas,S01,20,303.28,44
2023-06-10,P002,Roupas,S02,19,1466.97,14
2023-06-11,P002,Roupas,S02,19,1723.68,6
2023-06-12,P002,Roupas,S03,26,588.21,48
2023-06-13,P002,Roupas,S04,18,139.73,27
2023-06-14,P002,Roupas,S03,19,523.87,10
2023-06-15,P002,Roupas,S03,29,207.38,6
2023-06-16,P002,Roupas,S03,30,296.45,25
2023-06-17,P002,Roupas,S03,20,919.87,39
2023-06-18,P002,Roupas,S03,21,536.84,33
2023-06-19,P002,Roupas,S02,18,1080.3,11
2023-06-20,P002,Roupas,S03,18,581.64,33
2023-06-21,P002,Roupas,S03,23,1887.02,41
2023-06-22,P002,Roupas,S04,11,1821.29,27
2023-06-23,P002,Roupas,S01,21,1176.93,37
2023-06-24,P002,Roupas,S02,21,773.41,12
2023-06-25,P002,Roupas,S02,24,824.18,16
2023-06-26,P002,Roupas,S02,12,882.52,14
2023-06-27,P002,Roupas,S03,27,1482.4,19
2023-06-28,P002,Roupas,S03,17,958.11,28
2023-06-29,P002,Roupas,S03,15,1727.79,30
2023-06-30,P002,Roupas,S04,21,1893.78,46
2023-07-01,P002,Roupas,S01,29,738.3,43
2023-07-02,P002,Roupas,S03,21,1165.32,7
2023-07-03,P002,Roupas,S01,12,280.61,6
2023-07-04,P002,Roupas,S04,22,480.89,10
2023-07-05,P002,Roupas,S02,24,885.58,25
2023-07-06,P002,Roupas,S03,29,491.79,13
2023-07-07,P002,Roupas,S01,15,1765.46,14
2023-07-08,P002,Roupas,S01,20,400.74,40
2023-07-09,P002,Roupas,S03,29,965.76,7
2023-07-10,P002,Roupas,S02,20,1250.83,45
2023-07-11,P002,Roupas,S02,30,1414.54,28
2023-07-12,P002,Roupas,S02,25,827.83,26
2023-07-13,P002,Roupas,S04,14,1751.29,18
2023-07-14,P002,Roupas,S01,22,1179.81,46
2023-07-15,P002,Roupas,S01,27,935.06,49
2023-07-16,P002,Roupas,S01,16,227.76,48
2023-07-17,P002,Roupas,S04,25,982.91,31
2023-07-18,P002,Roupas,S01,18,1659.4,37
2023-07-19,P002,Roupas,S04,21,1267.63,26
2023-07-20,P002,Roupas,S02,22,1681.11,33
2023-07-21,P002,Roupas,S03,21,1038.62,23
2023-07-22,P002,Roupas,S01,31,325.08,23
2023-07-23,P002,Roupas,S01,21,125.92,10
2023-07-24,P002,Roupas,S02,22,676.12,49
2023-07-25,P002,Roupas,S03,15,1426.18,23
2023-07-26,P002,Roupas,S04,21,1601.49,17
2023-07-27,P002,Roupas,S03,20,661.93,30
2023-07-28,P002,Roupas,S02,22,1041.74,26
2023-07-29,P002,Roupas,S02,19,900.13,25
2023-07-30,P002,Roupas,S03,15,879.99,40
2023-07-31,P002,Roupas,S04,18,539.56,6
2023-08-01,P002,Roupas,S04,19,359.11,48
2023-08-02,P002,Roupas,S01,20,473.71,34
2023-08-03,P002,Roupas,S04,25,205.13,31
2023-08-04,P002,Roupas,S03,20,476.45,11
2023-08-05,P002,Roupas,S02,12,117.48,24
2023-08-06,P002,Roupas,S01,21,1291.79,35
2023-08-07,P002,Roupas,S01,10,701.11,27
2023-08-08,P002,Roupas,S02,9,1948.97,17
2023-08-09,P002,Roupas,S04,20,468.06,21
2023-08-10,P002,Roupas,S02,25,757.07,8
2023-08-11,P002,Roupas,S04,12,779.9,18
2023-08-12,P002,Roupas,S02,14,116.06,24
2023-08-13,P002,Roupas,S03,20,1694.5,17
2023-08-14,P002,Roupas,S04,14,160.79,7
2023-08-15,P002,Roupas,S03,21,1886.34,30
2023-08-16,P002,Roupas,S01,22,1794.94,30
2023-08-17,P002,Roupas,S02,20,1117.49,22
2023-08-18,P002,Roupas,S01,15,1132.83,36
2023-08-19,P002,Roupas,S01,31,1342.18,18
2023-08-20,P002,Roupas,S01,23,835.4,7
2023-08-21,P002,Roupas,S01,18,1329.72,5
2023-08-22,P002,Roupas,S02,13,185.06,30
2023-08-23,P002,Roupas,S01,24,202.69,28
2023-08-24,P002,Roupas,S02,21,968.74,39
2023-08-25,P002,Roupas,S02,28,1144.28,18
2023-08-26,P002,Roupas,S03,17,1786.85,7
2023-08-27,P002,Roupas,S04,25,298.86,17
2023-08-28,P002,Roupas,S04,19,1663.03,18
2023-08-29,P002,Roupas,S02,24,499.09,25
2023-08-30,P002,Roupas,S03,23,848.76,30
2023-08-31,P002,Roupas,S02,21,701.54,7
2023-09-01,P002,Roupas,S02,14,860.3,44
2023-09-02,P002,Roupas,S02,21,385.94,8
2023-09-03,P002,Roupas,S03,14,1056.78,40
2023-09-04,P002,Roupas,S04,19,1623.12,47
2023-09-05,P002,Roupas,S03,18,938.91,5
2023-09-06,P002,Roupas,S01,20,1032.17,44
2023-09-07,P002,Roupas,S03,18,1712.66,37
2023-09-08,P002,Roupas,S03,21,1441.51,11
2023-09-09,P002,Roupas,S03,20,1031.86,15
2023-09-10,P002,Roupas,S03,21,589.62,31
2023-09-11,P002,Roupas,S04,23,1781.36,18
2023-09-12,P002,Roupas,S01,18,1196.34,26
2023-09-13,P002,Roupas,S04,21,520.18,20
2023-09-14,P002,Roupas,S04,23,611.33,16
2023-09-15,P002,Roupas,S03,24,1625.95,14
2023-09-16,P002,Roupas,S02,21,183.88,28
2023-09-17,P002,Roupas,S02,14,1984.98,22
2023-09-18,P002,Roupas,S04,19,347.67,26
2023-09-19,P002,Roupas,S04,20,1612.53,13
2023-09-20,P002,Roupas,S03,17,850.07,21
2023-09-21,P002,Roupas,S04,29,1035.21,42
2023-09-22,P002,Roupas,S03,20,1773.24,44
2023-09-23,P002,Roupas,S02,22,884.53,17
2023-09-24,P002,Roupas,S02,19,1121.24,41
2023-09-25,P002,Roupas,S01,27,193.67,10
2023-09-26,P002,Roupas,S02,21,104.46,25
2023-09-27,P002,Roupas,S04,21,565.12,40
2023-09-28,P002,Roupas,S02,19,1393.11,11
2023-09-29,P002,Roupas,S03,27,330.4,40
2023-09-30,P002,Roupas,S02,15,316.15,29
2023-10-01,P002,Roupas,S01,15,880.83,15
2023-10-02,P002,Roupas,S02,17,1330.89,48
2023-10-03,P002,Roupas,S03,21,1452.94,18
2023-10-04,P002,Roupas,S03,21,439.06,49
2023-10-05,P002,Roupas,S04,13,251.22,33
2023-10-06,P002,Roupas,S02,20,1886.75,14
2023-10-07,P002,Roupas,S03,17,595.27,9
2023-10-08,P002,Roupas,S01,25,1721.36,12
2023-10-09,P002,Roupas,S04,22,1740.63,9
2023-10-10,P002,Roupas,S01,26,1567.79,28
2023-10-11,P002,Roupas,S02,21,420.78,44
2023-10-12,P002,Roupas,S02,17,1661.42,30
2023-10-13,P002,Roupas,S02,10,1561.58,10
2023-10-14,P002,Roupas,S04,27,1233.77,20
2023-10-15,P002,Roupas,S03,16,740.68,40
2023-10-16,P002,Roupas,S04,26,598.77,16
2023-10-17,P002,Roupas,S01,22,331.59,15
2023-10-18,P002,Roupas,S04,17,1068.54,7
2023-10-19,P002,Roupas,S01,17,1212.0,48
2023-10-20,P002,Roupas,S04,24,782.74,41
2023-10-21,P002,Roupas,S03,32,1003.18,10
2023-10-22,P002,Roupas,S01,14,790.68,23
2023-10-23,P002,Roupas,S02,23,1317.91,22
2023-10-24,P002,Roupas,S02,16,1812.39,20
2023-10-25,P002,Roupas,S04,17,411.45,27
2023-10-26,P002,Roupas,S02,22,824.68,47
2023-10-27,P002,Roupas,S01,16,367.65,41
2023-10-28,P002,Roupas,S02,17,1287.39,13
2023-10-29,P002,Roupas,S03,18,1484.85,7
2023-10-30,P002,Roupas,S03,18,1870.63,12
2023-10-31,P002,Roupas,S04,11,629.86,42
2023-11-01,P002,Roupas,S01,13,1905.4,8
2023-11-02,P002,Roupas,S03,17,220.2,16
2023-11-03,P002,Roupas,S03,26,1245.73,48
2023-11-04,P002,Roupas,S01,24,208.55,35
2023-11-05,P002,Roupas,S02,22,1798.17,29
2023-11-06,P002,Roupas,S02,20,1106.64,20
2023-11-07,P002,Roupas,S04,20,1371.76,46
2023-11-08,P002,Roupas,S02,17,1679.99,18
2023-11-09,P002,Roupas,S01,26,385.59,17
2023-11-10,P002,Roupas,S03,30,173.32,45
2023-11-11,P002,Roupas,S02,22,1769.87,11
2023-11-12,P002,Roupas,S04,17,698.37,16
2023-11-13,P002,Roupas,S02,14,345.06,41
2023-11-14,P002,Roupas,S01,23,990.08,8
2023-11-15,P002,Roupas,S04,15,1236.78,6
2023-11-16,P002,Roupas,S02,23,158.84,39
2023-11-17,P002,Roupas,S04,25,622.3,48
2023-11-18,P002,Roupas,S01,15,162.32,7
2023-11-19,P002,Roupas,S03,21,898.64,8
2023-11-20,P002,Roupas,S01,23,1800.69,42
2023-11-21,P002,Roupas,S01,21,1967.04,16
2023-11-22,P002,Roupas,S01,23,1310.39,23
2023-11-23,P002,Roupas,S01,25,407.11,14
2023-11-24,P002,Roupas,S03,23,1821.11,5
2023-11-25,P002,Roupas,S03,26,1080.87,21
2023-11-26,P002,Roupas,S04,13,392.12,20
2023-11-27,P002,Roupas,S02,26,1851.28,13
2023-11-28,P002,Roupas,S03,31,1539.19,13
2023-11-29,P002,Roupas,S03,22,1490.24,13
2023-11-30,P002,Roupas,S02,17,1447.44,16
2023-12-01,P002,Roupas,S03,18,480.65,45
2023-12-02,P002,Roupas,S01,18,500.91,19
2023-12-03,P002,Roupas,S01,20,1407.76,6
2023-12-04,P002,Roupas,S02,26,517.47,15
2023-12-05,P002,Roupas,S04,20,933.48,15
2023-12-06,P002,Roupas,S04,12,1585.8,12
2023-12-07,P002,Roupas,S02,21,1589.51,36
2023-12-08,P002,Roupas,S02,19,961.2,10
2023-12-09,P002,Roupas,S01,22,1605.16,24
2023-12-10,P002,Roupas,S04,19,1693.38,43
2023-12-11,P002,Roupas,S03,24,1344.07,39
2023-12-12,P002,Roupas,S01,17,534.01,12
2023-12-13,P002,Roupas,S02,28,620.62,47
2023-12-14,P002,Roupas,S04,10,698.2,38
2023-12-15,P002,Roupas,S03,19,321.93,23
2023-12-16,P002,Roupas,S03,25,619.0,11
2023-12-17,P002,Roupas,S01,15,498.09,35
2023-12-18,P002,Roupas,S04,12,965.12,22
2023-12-19,P002,Roupas,S04,28,1826.03,44
2023-12-20,P002,Roupas,S02,14,298.51,18
2023-12-21,P002,Roupas,S04,18,1468.51,43
2023-12-22,P002,Roupas,S04,22,1405.84,40
2023-12-23,P002,Roupas,S01,13,281.93,21
2023-12-24,P002,Roupas,S04,10,1852.89,41
2023-12-25,P002,Roupas,S03,24,1180.1,48
2023-12-26,P002,Roupas,S01,19,791.08,13
2023-12-27,P002,Roupas,S01,20,1537.42,24
2023-12-28,P002,Roupas,S02,26,588.99,49
2023-12-29,P002,Roupas,S04,24,1417.67,32
2023-12-30,P002,Roupas,S02,16,175.45,24
2023-12-31,P002,Roupas,S03,13,1694.88,45
2022-01-01,P003,Alimentos,S01,18,951.52,40
2022-01-02,P003,Alimentos,S01,19,1309.72,31
2022-01-03,P003,Alimentos,S01,25,520.35,12
2022-01-04,P003,Alimentos,S03,25,1386.44,36
2022-01-05,P003,Alimentos,S03,17,1567.26,5
2022-01-06,P003,Alimentos,S02,16,999.11,21
2022-01-07,P003,Alimentos,S02,15,1273.68,13
2022-01-08,P003,Alimentos,S02,17,967.02,24
2022-01-09,P003,Alimentos,S04,18,1798.77,49
2022-01-10,P003,Alimentos,S01,27,1045.95,36
2022-01-11,P003,Alimentos,S01,18,1699.44,6
2022-01-12,P003,Alimentos,S02,30,1622.57,36
2022-01-13,P003,Alimentos,S01,17,879.96,49
2022-01-14,P003,Alimentos,S02,17,537.16,13
2022-01-15,P003,Alimentos,S04,24,871.56,34
2022-01-16,P003,Alimentos,S04,22,1669.81,24
2022-01-17,P003,Alimentos,S03,21,532.5,42
2022-01-18,P003,Alimentos,S04,31,1096.43,5
2022-01-19,P003,Alimentos,S02,26,1631.58,9
2022-01-20,P003,Alimentos,S04,25,771.61,39
2022-01-21,P003,Alimentos,S03,20,1320.2,40
2022-01-22,P003,Alimentos,S01,16,566.7,5
2022-01-23,P003,Alimentos,S02,17,307.63,18
2022-01-24,P003,Alimentos,S01,18,1609.33,13
2022-01-25,P003,Alimentos,S03,15,288.04,34
2022-01-26,P003,Alimentos,S03,15,615.62,28
2022-01-27,P003,Alimentos,S03,20,1724.71,8
2022-01-28,P003,Alimentos,S01,23,758.29,18
2022-01-29,P003,Alimentos,S01,15,1948.79,29
2022-01-30,P003,Alimentos,S01,13,1961.5,8
2022-01-31,P003,Alimentos,S01,19,609.72,29
2022-02-01,P003,Alimentos,S03,30,177.86,14
2022-02-02,P003,Alimentos,S03,9,1439.62,39
2022-02-03,P003,Alimentos,S02,18,956.87,11
2022-02-04,P003,Alimentos,S02,18,291.43,46
2022-02-05,P003,Alimentos,S01,15,1444.29,17
2022-02-06,P003,Alimentos,S04,26,159.23,8
2022-02-07,P003,Alimentos,S04,24,1753.37,47
2022-02-08,P003,Alimentos,S03,18,363.44,40
2022-02-09,P003,Alimentos,S03,22,341.89,18
2022-02-10,P003,Alimentos,S03,14,433.78,22
2022-02-11,P003,Alimentos,S02,25,1924.51,12
2022-02-12,P003,Alimentos,S02,14,1417.02,36
2022-02-13,P003,Alimentos,S03,16,1622.61,31
2022-02-14,P003,Alimentos,S03,22,855.51,46
2022-02-15,P003,Alimentos,S03,23,738.99,41
2022-02-16,P003,Alimentos,S04,25,545.52,27
2022-02-17,P003,Alimentos,S02,20,1013.23,11
2022-02-18,P003,Alimentos,S04,15,1148.47,16
2022-02-19,P003,Alimentos,S04,26,1300.37,29
2022-02-20,P003,Alimentos,S03,22,588.53,7
2022-02-21,P003,Alimentos,S03,23,1902.44,30
2022-02-22,P003,Alimentos,S01,11,422.54,8
2022-02-23,P003,Alimentos,S01,16,1934.74,46
2022-02-24,P003,Alimentos,S04,12,128.23,40
2022-02-25,P003,Alimentos,S02,17,1014.14,19
2022-02-26,P003,Alimentos,S03,27,733.4,36
2022-02-27,P003,Alimentos,S03,20,953.33,33
2022-02-28,P003,Alimentos,S04,16,1184.26,14
2022-03-01,P003,Alimentos,S01,21,927.62,25
2022-03-02,P003,Alimentos,S02,21,888.21,20
2022-03-03,P003,Alimentos,S01,15,1492.17,23
2022-03-04,P003,Alimentos,S01,27,1403.16,33
2022-03-05,P003,Alimentos,S01,18,1683.22,22
2022-03-06,P003,Alimentos,S01,18,574.92,48
2022-03-07,P003,Alimentos,S03,23,1258.1,20
2022-03-08,P003,Alimentos,S03,26,1211.87,5
2022-03-09,P003,Alimentos,S01,16,802.5,6
2022-03-10,P003,Alimentos,S02,16,1023.51,19
2022-03-11,P003,Alimentos,S04,28,696.19,43
2022-03-12,P003,Alimentos,S02,18,369.5,32
2022-03-13,P003,Alimentos,S02,19,506.22,5
2022-03-14,P003,Alimentos,S02,18,300.48,9
2022-03-15,P003,Alimentos,S01,21,1397.83,46
2022-03-16,P003,Alimentos,S03,25,1355.38,26
2022-03-17,P003,Alimentos,S02,19,1906.15,40
2022-03-18,P003,Alimentos,S01,18,1486.39,17
2022-03-19,P003,Alimentos,S02,29,198.89,5
2022-03-20,P003,Alimentos,S02,23,1780.07,20
2022-03-21,P003,Alimentos,S01,25,1739.08,45
2022-03-22,P003,Alimentos,S03,10,942.31,26
2022-03-23,P003,Alimentos,S03,22,1213.14,36
2022-03-24,P003,Alimentos,S04,23,1954.55,20
2022-03-25,P003,Alimentos,S01,22,1111.38,19
2022-03-26,P003,Alimentos,S04,23,1820.11,46
2022-03-27,P003,Alimentos,S04,16,257.77,16
2022-03-28,P003,Alimentos,S04,23,463.0,5
2022-03-29,P003,Alimentos,S03,19,937.43,21
2022-03-30,P003,Alimentos,S01,27,1211.04,45
2022-03-31,P003,Alimentos,S04,23,1650.83,32
2022-04-01,P003,Alimentos,S01,19,1977.7,11
2022-04-02,P003,Alimentos,S01,16,838.82,13
2022-04-03,P003,Alimentos,S03,16,190.09,26
2022-04-04,P003,Alimentos,S04,25,1622.23,30
2022-04-05,P003,Alimentos,S04,15,1248.32,16
2022-04-06,P003,Alimentos,S01,21,477.23,11
2022-04-07,P003,Alimentos,S02,21,1040.17,19
2022-04-08,P003,Alimentos,S03,22,1510.39,42
2022-04-09,P003,Alimentos,S03,27,1563.78,25
2022-04-10,P003,Alimentos,S03,18,1049.27,18
2022-04-11,P003,Alimentos,S03,21,679.91,6
2022-04-12,P003,Alimentos,S04,20,1950.11,12
2022-04-13,P003,Alimentos,S04,18,1360.39,49
2022-04-14,P003,Alimentos,S02,13,875.65,10
2022-04-15,P003,Alimentos,S03,25,632.88,41
2022-04-16,P003,Alimentos,S03,19,1489.1,41
2022-04-17,P003,Alimentos,S01,23,560.15,37
2022-04-18,P003,Alimentos,S04,22,426.25,45
2022-04-19,P003,Alimentos,S03,16,1106.68,10
2022-04-20,P003,Alimentos,S02,17,650.98,30
2022-04-21,P003,Alimentos,S02,26,1294.92,43
2022-04-22,P003,Alimentos,S04,19,324.08,45
2022-04-23,P003,Alimentos,S02,20,1344.39,41
2022-04-24,P003,Alimentos,S02,14,638.26,18
2022-04-25,P003,Alimentos,S04,20,100.46,41
2022-04-26,P003,Alimentos,S03,21,341.18,12
2022-04-27,P003,Alimentos,S03,18,1873.87,43
2022-04-28,P003,Alimentos,S02,28,1747.97,17
2022-04-29,P003,Alimentos,S02,21,543.86,17
2022-04-30,P003,Alimentos,S03,22,1578.91,44
2022-05-01,P003,Alimentos,S04,21,1256.29,47
2022-05-02,P003,Alimentos,S02,20,1944.72,32
2022-05-03,P003,Alimentos,S01,20,809.85,22
2022-05-04,P003,Alimentos,S04,24,1394.78,23
2022-05-05,P003,Alimentos,S02,12,220.72,42
2022-05-06,P003,Alimentos,S02,22,852.87,36
2022-05-07,P003,Alimentos,S01,17,1931.25,26
2022-05-08,P003,Alimentos,S01,18,1124.06,6
2022-05-09,P003,Alimentos,S03,28,646.97,17
2022-05-10,P003,Alimentos,S04,18,328.51,27
2022-05-11,P003,Alimentos,S04,18,1436.7,29
2022-05-12,P003,Alimentos,S03,23,1325.23,32
2022-05-13,P003,Alimentos,S04,20,810.48,15
2022-05-14,P003,Alimentos,S04,16,1906.79,37
2022-05-15,P003,Alimentos,S04,19,142.19,28
2022-05-16,P003,Alimentos,S04,16,677.08,6
2022-05-17,P003,Alimentos,S04,20,1850.03,34
2022-05-18,P003,Alimentos,S01,11,709.78,21
2022-05-19,P003,Alimentos,S04,14,579.28,44
2022-05-20,P003,Alimentos,S01,14,1115.02,38
2022-05-21,P003,Alimentos,S04,19,1665.22,42
2022-05-22,P003,Alimentos,S03,17,295.98,26
2022-05-23,P003,Alimentos,S02,21,1891.74,9
2022-05-24,P003,Alimentos,S01,18,1610.64,44
2022-05-25,P003,Alimentos,S04,13,444.38,20
2022-05-26,P003,Alimentos,S03,13,1452.82,17
2022-05-27,P003,Alimentos,S02,26,831.42,30
2022-05-28,P003,Alimentos,S01,23,864.36,35
2022-05-29,P003,Alimentos,S02,22,1588.25,43
2022-05-30,P003,Alimentos,S03,20,1929.29,27
2022-05-31,P003,Alimentos,S01,17,340.65,16
2022-06-01,P003,Alimentos,S02,28,899.2,18
2022-06-02,P003,Alimentos,S04,20,1013.79,22
2022-06-03,P003,Alimentos,S01,21,814.99,31
2022-06-04,P003,Alimentos,S02,16,790.06,32
2022-06-05,P003,Alimentos,S03,25,199.31,22
2022-06-06,P003,Alimentos,S03,20,1402.52,20
2022-06-07,P003,Alimentos,S01,18,928.81,20
2022-06-08,P003,Alimentos,S02,12,470.11,17
2022-06-09,P003,Alimentos,S01,28,1650.46,33
2022-06-10,P003,Alimentos,S01,14,1624.87,13
2022-06-11,P003,Alimentos,S02,24,1024.14,30
2022-06-12,P003,Alimentos,S02,26,667.06,32
2022-06-13,P003,Alimentos,S04,27,1312.38,45
2022-06-14,P003,Alimentos,S02,14,647.49,17
2022-06-15,P003,Alimentos,S03,16,548.42,40
2022-06-16,P003,Alimentos,S01,24,1487.98,13
2022-06-17,P003,Alimentos,S01,17,176.62,18
2022-06-18,P003,Alimentos,S03,24,280.06,16
2022-06-19,P003,Alimentos,S02,16,112.9,36
2022-06-20,P003,Alimentos,S03,9,390.59,42
2022-06-21,P003,Alimentos,S03,20,231.08,7
2022-06-22,P003,Alimentos,S04,14,1992.02,20
2022-06-23,P003,Alimentos,S03,24,648.74,24
2022-06-24,P003,Alimentos,S01,21,383.61,36
2022-06-25,P003,Alimentos,S03,13,557.89,27
2022-06-26,P003,Alimentos,S01,27,1878.64,21
2022-06-27,P003,Alimentos,S01,25,1088.3,20
2022-06-28,P003,Alimentos,S01,29,793.15,42
2022-06-29,P003,Alimentos,S02,18,1759.44,12
2022-06-30,P003,Alimentos,S04,17,850.48,23
2022-07-01,P003,Alimentos,S01,23,736.52,34
2022-07-02,P003,Alimentos,S01,28,493.84,38
2022-07-03,P003,Alimentos,S02,24,817.81,18
2022-07-04,P003,Alimentos,S01,11,701.7,26
2022-07-05,P003,Alimentos,S03,17,1386.88,48
2022-07-06,P003,Alimentos,S03,18,650.21,21
2022-07-07,P003,Alimentos,S04,19,1196.68,19
2022-07-08,P003,Alimentos,S01,16,225.2,36
2022-07-09,P003,Alimentos,S02,24,463.45,17
2022-07-10,P003,Alimentos,S03,21,874.07,25
2022-07-11,P003,Alimentos,S02,23,1880.2,44
2022-07-12,P003,Alimentos,S02,11,816.78,37
2022-07-13,P003,Alimentos,S03,20,1361.74,31
2022-07-14,P003,Alimentos,S02,18,584.67,39
2022-07-15,P003,Alimentos,S03,11,341.36,20
2022-07-16,P003,Alimentos,S02,26,211.22,32
2022-07-17,P003,Alimentos,S03,21,680.29,38
2022-07-18,P003,Alimentos,S01,19,399.56,5
2022-07-19,P003,Alimentos,S04,19,430.62,45
2022-07-20,P003,Alimentos,S03,22,1545.44,35
2022-07-21,P003,Alimentos,S03,19,130.09,40
2022-07-22,P003,Alimentos,S04,27,1159.84,48
2022-07-23,P003,Alimentos,S03,21,820.98,37
2022-07-24,P003,Alimentos,S03,26,1062.44,37
2022-07-25,P003,Alimentos,S02,20,1169.38,43
2022-07-26,P003,Alimentos,S04,20,695.4,22
2022-07-27,P003,Alimentos,S01,21,660.71,27
2022-07-28,P003,Alimentos,S03,26,1493.46,27
2022-07-29,P003,Alimentos,S04,25,1755.43,19
2022-07-30,P003,Alimentos,S02,20,465.91,30
2022-07-31,P003,Alimentos,S01,20,285.48,34
2022-08-01,P003,Alimentos,S04,17,1805.81,29
2022-08-02,P003,Alimentos,S01,14,764.8,49
2022-08-03,P003,Alimentos,S01,24,1147.5,20
2022-08-04,P003,Alimentos,S01,16,783.13,43
2022-08-05,P003,Alimentos,S03,18,339.02,49
2022-08-06,P003,Alimentos,S03,20,1219.73,18
2022-08-07,P003,Alimentos,S02,26,1097.77,21
2022-08-08,P003,Alimentos,S02,10,485.69,16
2022-08-09,P003,Alimentos,S04,23,958.55,33
2022-08-10,P003,Alimentos,S02,15,1614.2,36
2022-08-11,P003,Alimentos,S01,14,1221.81,28
2022-08-12,P003,Alimentos,S01,21,284.14,17
2022-08-13,P003,Alimentos,S03,27,1141.24,24
2022-08-14,P003,Alimentos,S01,20,1435.2,19
2022-08-15,P003,Alimentos,S04,18,1606.14,8
2022-08-16,P003,Alimentos,S01,27,1295.32,38
2022-08-17,P003,Alimentos,S01,21,390.05,32
2022-08-18,P003,Alimentos,S04,19,1449.33,6
2022-08-19,P003,Alimentos,S02,31,1386.95,34
2022-08-20,P003,Alimentos,S02,21,146.41,30
2022-08-21,P003,Alimentos,S04,17,882.32,30
2022-08-22,P003,Alimentos,S03,21,732.61,24
2022-08-23,P003,Alimentos,S01,15,1371.88,46
2022-08-24,P003,Alimentos,S04,20,510.66,32
2022-08-25,P003,Alimentos,S01,17,1222.66,24
2022-08-26,P003,Alimentos,S03,29,1835.09,15
2022-08-27,P003,Alimentos,S01,21,1615.82,14
2022-08-28,P003,Alimentos,S04,30,1850.77,27
2022-08-29,P003,Alimentos,S01,20,1959.16,41
2022-08-30,P003,Alimentos,S02,17,120.27,45
2022-08-31,P003,Alimentos,S03,23,1283.21,23
2022-09-01,P003,Alimentos,S03,20,884.39,49
2022-09-02,P003,Alimentos,S03,19,1733.72,22
2022-09-03,P003,Alimentos,S04,20,578.45,31
2022-09-04,P003,Alimentos,S03,16,1963.96,10
2022-09-05,P003,Alimentos,S02,23,1266.05,14
2022-09-06,P003,Alimentos,S04,18,1607.72,6
2022-09-07,P003,Alimentos,S02,15,262.64,28
2022-09-08,P003,Alimentos,S01,18,448.57,42
2022-09-09,P003,Alimentos,S01,24,1540.97,32
2022-09-10,P003,Alimentos,S01,24,141.77,32
2022-09-11,P003,Alimentos,S01,18,1652.07,49
2022-09-12,P003,Alimentos,S02,16,126.5,43
2022-09-13,P003,Alimentos,S04,20,1348.53,6
2022-09-14,P003,Alimentos,S04,20,793.68,9
2022-09-15,P003,Alimentos,S03,26,1261.84,15
2022-09-16,P003,Alimentos,S02,21,1422.46,14
2022-09-17,P003,Alimentos,S01,21,750.7,47
2022-09-18,P003,Alimentos,S02,18,305.13,6
2022-09-19,P003,Alimentos,S03,19,232.33,19
2022-09-20,P003,Alimentos,S03,26,1218.98,43
2022-09-21,P003,Alimentos,S02,16,1089.25,45
2022-09-22,P003,Alimentos,S02,19,1510.18,41
2022-09-23,P003,Alimentos,S02,20,1068.5,11
2022-09-24,P003,Alimentos,S04,17,902.65,24
2022-09-25,P003,Alimentos,S01,10,856.37,38
2022-09-26,P003,Alimentos,S02,18,150.25,39
2022-09-27,P003,Alimentos,S02,17,737.56,38
2022-09-28,P003,Alimentos,S02,17,1954.44,26
2022-09-29,P003,Alimentos,S03,19,1759.76,35
2022-09-30,P003,Alimentos,S03,16,725.82,27
2022-10-01,P003,Alimentos,S04,23,1216.81,23
2022-10-02,P003,Alimentos,S01,13,1709.86,8
2022-10-03,P003,Alimentos,S04,11,938.42,28
2022-10-04,P003,Alimentos,S01,23,134.12,24
2022-10-05,P003,Alimentos,S03,25,241.57,43
2022-10-06,P003,Alimentos,S03,25,1069.75,32
2022-10-07,P003,Alimentos,S03,16,1941.93,43
2022-10-08,P003,Alimentos,S04,30,1417.1,21
2022-10-09,P003,Alimentos,S02,16,234.74,23
2022-10-10,P003,Alimentos,S02,22,459.79,39
2022-10-11,P003,Alimentos,S03,14,1565.51,36
2022-10-12,P003,Alimentos,S02,16,1698.74,43
2022-10-13,P003,Alimentos,S02,19,1273.62,39
2022-10-14,P003,Alimentos,S04,16,1324.4,34
2022-10-15,P003,Alimentos,S01,30,153.84,21
2022-10-16,P003,Alimentos,S03,16,1674.21,46
2022-10-17,P003,Alimentos,S03,17,1597.72,33
2022-10-18,P003,Alimentos,S04,20,592.17,10
2022-10-19,P003,Alimentos,S04,18,1446.49,21
2022-10-20,P003,Alimentos,S02,17,508.22,21
2022-10-21,P003,Alimentos,S03,23,176.63,18
2022-10-22,P003,Alimentos,S01,19,482.16,28
2022-10-23,P003,Alimentos,S04,23,439.39,41
2022-10-24,P003,Alimentos,S01,17,741.72,44
2022-10-25,P003,Alimentos,S01,17,895.05,43
2022-10-26,P003,Alimentos,S03,23,1066.22,36
2022-10-27,P003,Alimentos,S03,22,1005.83,40
2022-10-28,P003,Alimentos,S04,27,614.28,41
2022-10-29,P003,Alimentos,S03,24,155.42,18
2022-10-30,P003,Alimentos,S03,17,1249.69,31
2022-10-31,P003,Alimentos,S03,18,851.92,23
2022-11-01,P003,Alimentos,S01,26,667.48,35
2022-11-02,P003,Alimentos,S04,22,1747.19,13
2022-11-03,P003,Alimentos,S02,10,1518.81,42
2022-11-04,P003,Alimentos,S01,20,1729.75,21
2022-11-05,P003,Alimentos,S03,15,1040.47,23
2022-11-06,P003,Alimentos,S01,17,348.77,48
2022-11-07,P003,Alimentos,S03,19,1422.82,8
2022-11-08,P003,Alimentos,S03,23,491.54,15
2022-11-09,P003,Alimentos,S01,24,938.34,26
2022-11-10,P003,Alimentos,S04,22,223.5,8
2022-11-11,P003,Alimentos,S03,21,1668.09,21
2022-11-12,P003,Alimentos,S04,19,339.29,12
2022-11-13,P003,Alimentos,S02,12,1815.89,38
2022-11-14,P003,Alimentos,S03,17,1742.04,15
2022-11-15,P003,Alimentos,S04,14,982.71,35
2022-11-16,P003,Alimentos,S04,24,1514.3,15
2022-11-17,P003,Alimentos,S02,13,1276.95,42
2022-11-18,P003,Alimentos,S04,26,1625.84,25
2022-11-19,P003,Alimentos,S04,19,920.43,34
2022-11-20,P003,Alimentos,S02,22,1593.04,14
2022-11-21,P003,Alimentos,S03,25,978.67,30
2022-11-22,P003,Alimentos,S04,12,1887.83,31
2022-11-23,P003,Alimentos,S04,10,1024.11,12
2022-11-24,P003,Alimentos,S04,14,978.98,43
2022-11-25,P003,Alimentos,S01,21,1591.64,12
2022-11-26,P003,Alimentos,S02,23,1661.0,12
2022-11-27,P003,Alimentos,S01,23,1153.53,38
2022-11-28,P003,Alimentos,S02,22,441.62,20
2022-11-29,P003,Alimentos,S03,17,988.74,45
2022-11-30,P003,Alimentos,S03,22,1939.34,17
2022-12-01,P003,Alimentos,S04,14,1530.67,27
2022-12-02,P003,Alimentos,S02,19,1641.21,16
2022-12-03,P003,Alimentos,S03,18,162.37,31
2022-12-04,P003,Alimentos,S02,23,988.93,26
2022-12-05,P003,Alimentos,S03,11,1328.58,36
2022-12-06,P003,Alimentos,S01,20,1677.06,31
2022-12-07,P003,Alimentos,S03,22,193.62,6
2022-12-08,P003,Alimentos,S01,20,1719.63,49
2022-12-09,P003,Alimentos,S03,20,1141.96,37
2022-12-10,P003,Alimentos,S04,22,474.9,30
2022-12-11,P003,Alimentos,S01,23,702.78,32
2022-12-12,P003,Alimentos,S03,17,635.67,23
2022-12-13,P003,Alimentos,S04,22,1108.63,47
2022-12-14,P003,Alimentos,S01,21,198.2,9
2022-12-15,P003,Alimentos,S04,26,401.22,37
2022-12-16,P003,Alimentos,S02,19,1644.12,24
2022-12-17,P003,Alimentos,S02,22,351.95,34
2022-12-18,P003,Alimentos,S01,16,543.45,49
2022-12-19,P003,Alimentos,S03,16,961.4,12
2022-12-20,P003,Alimentos,S01,15,1082.53,42
2022-12-21,P003,Alimentos,S04,27,1550.86,21
2022-12-22,P003,Alimentos,S03,24,949.93,48
2022-12-23,P003,Alimentos,S02,25,1600.74,5
2022-12-24,P003,Alimentos,S03,18,1274.86,7
2022-12-25,P003,Alimentos,S02,13,314.89,30
2022-12-26,P003,Alimentos,S03,21,397.03,35
2022-12-27,P003,Alimentos,S03,15,930.36,12
2022-12-28,P003,Alimentos,S03,11,854.09,47
2022-12-29,P003,Alimentos,S04,25,1512.73,12
2022-12-30,P003,Alimentos,S04,25,1203.4,39
2022-12-31,P003,Alimentos,S01,18,837.45,43
2023-01-01,P003,Alimentos,S01,17,424.44,32
2023-01-02,P003,Alimentos,S02,23,530.99,8
2023-01-03,P003,Alimentos,S04,21,1193.45,20
2023-01-04,P003,Alimentos,S02,22,904.53,17
2023-01-05,P003,Alimentos,S01,18,1078.36,24
2023-01-06,P003,Alimentos,S02,14,424.29,9
2023-01-07,P003,Alimentos,S01,22,1359.52,41
2023-01-08,P003,Alimentos,S04,21,1719.82,24
2023-01-09,P003,Alimentos,S03,24,590.09,28
2023-01-10,P003,Alimentos,S04,25,1033.88,40
2023-01-11,P003,Alimentos,S02,23,1953.5,38
2023-01-12,P003,Alimentos,S02,17,733.16,49
2023-01-13,P003,Alimentos,S04,15,1230.59,38
2023-01-14,P003,Alimentos,S04,15,271.37,23
2023-01-15,P003,Alimentos,S01,20,1251.43,21
2023-01-16,P003,Alimentos,S02,16,270.3,9
2023-01-17,P003,Alimentos,S02,24,1922.55,29
2023-01-18,P003,Alimentos,S04,27,1459.76,22
2023-01-19,P003,Alimentos,S03,22,1597.5,12
2023-01-20,P003,Alimentos,S02,15,1437.8,31
2023-01-21,P003,Alimentos,S03,21,1220.49,19
2023-01-22,P003,Alimentos,S04,17,954.83,49
2023-01-23,P003,Alimentos,S04,17,1730.91,17
2023-01-24,P003,Alimentos,S01,18,1917.99,20
2023-01-25,P003,Alimentos,S02,17,1048.17,26
2023-01-26,P003,Alimentos,S03,13,1869.92,24
2023-01-27,P003,Alimentos,S01,27,1208.33,17
2023-01-28,P003,Alimentos,S02,29,1122.93,24
2023-01-29,P003,Alimentos,S01,17,963.52,6
2023-01-30,P003,Alimentos,S04,17,497.65,39
2023-01-31,P003,Alimentos,S02,14,107.07,23
2023-02-01,P003,Alimentos,S01,19,558.86,49
2023-02-02,P003,Alimentos,S01,14,1068.47,41
2023-02-03,P003,Alimentos,S03,22,821.92,10
2023-02-04,P003,Alimentos,S01,13,952.12,18
2023-02-05,P003,Alimentos,S02,18,1963.23,8
2023-02-06,P003,Alimentos,S02,20,765.52,26
2023-02-07,P003,Alimentos,S03,22,959.15,43
2023-02-08,P003,Alimentos,S02,17,353.68,40
2023-02-09,P003,Alimentos,S04,19,191.12,38
2023-02-10,P003,Alimentos,S02,21,1573.28,31
2023-02-11,P003,Alimentos,S02,23,1184.3,11
2023-02-12,P003,Alimentos,S01,23,1545.34,7
2023-02-13,P003,Alimentos,S01,24,384.74,37
2023-02-14,P003,Alimentos,S02,18,1186.47,6
2023-02-15,P003,Alimentos,S03,19,581.92,46
2023-02-16,P003,Alimentos,S01,17,533.32,20
2023-02-17,P003,Alimentos,S03,23,121.9,29
2023-02-18,P003,Alimentos,S02,11,347.65,19
2023-02-19,P003,Alimentos,S02,27,687.61,28
2023-02-20,P003,Alimentos,S04,23,322.07,19
2023-02-21,P003,Alimentos,S01,23,1973.13,35
2023-02-22,P003,Alimentos,S02,18,686.4,18
2023-02-23,P003,Alimentos,S04,16,347.62,18
2023-02-24,P003,Alimentos,S01,19,478.26,10
2023-02-25,P003,Alimentos,S02,13,1216.64,18
2023-02-26,P003,Alimentos,S02,27,221.68,21
2023-02-27,P003,Alimentos,S01,16,1738.62,22
2023-02-28,P003,Alimentos,S01,27,1926.85,24
2023-03-01,P003,Alimentos,S01,24,568.82,21
2023-03-02,P003,Alimentos,S02,15,955.18,20
2023-03-03,P003,Alimentos,S02,13,142.06,44
2023-03-04,P003,Alimentos,S04,25,1317.35,43
2023-03-05,P003,Alimentos,S03,13,886.46,36
2023-03-06,P003,Alimentos,S01,19,613.11,48
2023-03-07,P003,Alimentos,S02,17,492.99,13
2023-03-08,P003,Alimentos,S02,11,1342.64,31
2023-03-09,P003,Alimentos,S01,20,890.81,37
2023-03-10,P003,Alimentos,S03,19,441.35,14
2023-03-11,P003,Alimentos,S01,23,1409.31,21
2023-03-12,P003,Alimentos,S03,18,1173.64,40
2023-03-13,P003,Alimentos,S02,12,1731.48,21
2023-03-14,P003,Alimentos,S03,20,323.2,22
2023-03-15,P003,Alimentos,S04,19,1592.77,27
2023-03-16,P003,Alimentos,S02,21,1379.68,38
2023-03-17,P003,Alimentos,S04,19,318.52,12
2023-03-18,P003,Alimentos,S01,22,1420.16,17
2023-03-19,P003,Alimentos,S01,14,938.94,27
2023-03-20,P003,Alimentos,S01,16,1895.47,24
2023-03-21,P003,Alimentos,S03,23,369.06,26
2023-03-22,P003,Alimentos,S02,20,1321.38,27
2023-03-23,P003,Alimentos,S01,26,825.76,45
2023-03-24,P003,Alimentos,S01,24,1917.95,39
2023-03-25,P003,Alimentos,S02,21,726.95,7
2023-03-26,P003,Alimentos,S01,20,1928.15,38
2023-03-27,P003,Alimentos,S04,19,1812.82,37
2023-03-28,P003,Alimentos,S02,19,613.73,21
2023-03-29,P003,Alimentos,S02,16,1626.73,49
2023-03-30,P003,Alimentos,S02,21,1991.65,23
2023-03-31,P003,Alimentos,S04,16,580.06,34
2023-04-01,P003,Alimentos,S02,25,929.88,27
2023-04-02,P003,Alimentos,S04,17,1088.34,19
2023-04-03,P003,Alimentos,S02,22,660.37,18
2023-04-04,P003,Alimentos,S03,20,129.0,6
2023-04-05,P003,Alimentos,S01,22,518.25,43
2023-04-06,P003,Alimentos,S03,20,635.68,22
2023-04-07,P003,Alimentos,S01,27,942.84,10
2023-04-08,P003,Alimentos,S04,19,425.09,36
2023-04-09,P003,Alimentos,S03,21,1759.18,25
2023-04-10,P003,Alimentos,S02,15,1439.33,44
2023-04-11,P003,Alimentos,S01,18,261.88,32
2023-04-12,P003,Alimentos,S01,20,1335.18,31
2023-04-13,P003,Alimentos,S03,21,1341.95,6
2023-04-14,P003,Alimentos,S04,18,1916.82,37
2023-04-15,P003,Alimentos,S03,22,105.74,20
2023-04-16,P003,Alimentos,S04,24,571.07,43
2023-04-17,P003,Alimentos,S04,15,1862.8,26
2023-04-18,P003,Alimentos,S01,28,1871.05,47
2023-04-19,P003,Alimentos,S03,19,1469.11,17
2023-04-20,P003,Alimentos,S03,22,1554.95,6
2023-04-21,P003,Alimentos,S04,21,273.82,18
2023-04-22,P003,Alimentos,S03,32,1076.36,42
2023-04-23,P003,Alimentos,S02,22,540.01,45
2023-04-24,P003,Alimentos,S02,23,444.31,32
2023-04-25,P003,Alimentos,S03,22,1639.58,11
2023-04-26,P003,Alimentos,S03,27,356.57,22
2023-04-27,P003,Alimentos,S04,18,990.44,45
2023-04-28,P003,Alimentos,S02,23,1883.3,40
2023-04-29,P003,Alimentos,S02,16,453.08,45
2023-04-30,P003,Alimentos,S01,17,1958.19,40
2023-05-01,P003,Alimentos,S04,16,1989.15,48
2023-05-02,P003,Alimentos,S01,18,1155.67,8
2023-05-03,P003,Alimentos,S02,25,423.27,34
2023-05-04,P003,Alimentos,S04,15,700.6,28
2023-05-05,P003,Alimentos,S03,22,906.54,24
2023-05-06,P003,Alimentos,S04,22,687.72,35
2023-05-07,P003,Alimentos,S03,18,633.21,28
2023-05-08,P003,Alimentos,S03,25,1947.24,11
2023-05-09,P003,Alimentos,S04,30,391.39,30
2023-05-10,P003,Alimentos,S03,24,1493.32,17
2023-05-11,P003,Alimentos,S01,13,100.78,12
2023-05-12,P003,Alimentos,S02,16,1232.75,9
2023-05-13,P003,Alimentos,S03,25,1840.29,48
2023-05-14,P003,Alimentos,S01,30,647.07,17
2023-05-15,P003,Alimentos,S03,14,452.5,33
2023-05-16,P003,Alimentos,S02,21,1338.19,24
2023-05-17,P003,Alimentos,S01,9,1453.94,18
2023-05-18,P003,Alimentos,S02,28,1407.26,36
2023-05-19,P003,Alimentos,S02,25,706.7,31
2023-05-20,P003,Alimentos,S01,20,579.18,29
2023-05-21,P003,Alimentos,S01,20,1916.25,8
2023-05-22,P003,Alimentos,S01,22,1854.27,25
2023-05-23,P003,Alimentos,S04,24,968.9,22
2023-05-24,P003,Alimentos,S01,14,1707.77,43
2023-05-25,P003,Alimentos,S01,21,959.41,19
2023-05-26,P003,Alimentos,S01,12,906.34,42
2023-05-27,P003,Alimentos,S01,16,397.85,28
2023-05-28,P003,Alimentos,S03,20,910.17,12
2023-05-29,P003,Alimentos,S04,24,1121.09,32
2023-05-30,P003,Alimentos,S02,21,142.76,25
2023-05-31,P003,Alimentos,S01,13,943.81,20
2023-06-01,P003,Alimentos,S03,13,1584.58,20
2023-06-02,P003,Alimentos,S03,17,1392.09,39
2023-06-03,P003,Alimentos,S03,14,1306.8,21
2023-06-04,P003,Alimentos,S02,13,1828.16,13
2023-06-05,P003,Alimentos,S01,18,134.26,39
2023-06-06,P003,Alimentos,S04,16,1158.39,33
2023-06-07,P003,Alimentos,S04,16,1595.96,43
2023-06-08,P003,Alimentos,S03,26,1128.54,22
2023-06-09,P003,Alimentos,S02,26,715.4,16
2023-06-10,P003,Alimentos,S02,14,358.88,23
2023-06-11,P003,Alimentos,S02,15,1786.37,26
2023-06-12,P003,Alimentos,S04,24,994.45,19
2023-06-13,P003,Alimentos,S03,20,1768.42,5
2023-06-14,P003,Alimentos,S01,29,1213.12,6
2023-06-15,P003,Alimentos,S04,30,1380.97,12
2023-06-16,P003,Alimentos,S03,19,1628.1,26
2023-06-17,P003,Alimentos,S03,20,1352.4,29
2023-06-18,P003,Alimentos,S01,20,856.3,6
2023-06-19,P003,Alimentos,S01,25,1075.9,13
2023-06-20,P003,Alimentos,S01,18,1625.79,13
2023-06-21,P003,Alimentos,S02,21,809.94,17
2023-06-22,P003,Alimentos,S01,24,837.43,10
2023-06-23,P003,Alimentos,S03,18,281.81,34
2023-06-24,P003,Alimentos,S01,17,1837.71,19
2023-06-25,P003,Alimentos,S03,19,272.97,19
2023-06-26,P003,Alimentos,S04,21,1331.6,11
2023-06-27,P003,Alimentos,S02,18,885.07,15
2023-06-28,P003,Alimentos,S04,32,870.68,44
2023-06-29,P003,Alimentos,S04,17,1391.15,42
2023-06-30,P003,Alimentos,S03,19,227.48,44
2023-07-01,P003,Alimentos,S04,16,1228.04,6
2023-07-02,P003,Alimentos,S03,24,1566.86,43
2023-07-03,P003,Alimentos,S01,21,1673.6,14
2023-07-04,P003,Alimentos,S01,23,424.01,48
2023-07-05,P003,Alimentos,S03,25,1805.1,21
2023-07-06,P003,Alimentos,S01,26,1346.68,11
2023-07-07,P003,Alimentos,S02,23,1775.52,44
2023-07-08,P003,Alimentos,S04,27,1022.03,43
2023-07-09,P003,Alimentos,S02,15,1129.86,8
2023-07-10,P003,Alimentos,S04,12,1846.17,39
2023-07-11,P003,Alimentos,S01,18,1809.83,40
2023-07-12,P003,Alimentos,S02,21,951.51,35
2023-07-13,P003,Alimentos,S01,23,621.38,29
2023-07-14,P003,Alimentos,S04,22,847.02,45
2023-07-15,P003,Alimentos,S03,14,836.75,17
2023-07-16,P003,Alimentos,S03,24,645.05,22
2023-07-17,P003,Alimentos,S02,17,610.3,25
2023-07-18,P003,Alimentos,S01,17,1736.02,5
2023-07-19,P003,Alimentos,S01,24,232.74,40
2023-07-20,P003,Alimentos,S02,12,1387.46,12
2023-07-21,P003,Alimentos,S03,13,428.36,25
2023-07-22,P003,Alimentos,S04,28,754.56,47
2023-07-23,P003,Alimentos,S02,24,216.93,25
2023-07-24,P003,Alimentos,S04,18,612.95,31
2023-07-25,P003,Alimentos,S03,15,1560.0,23
2023-07-26,P003,Alimentos,S01,20,1781.53,27
2023-07-27,P003,Alimentos,S03,29,520.9,47
2023-07-28,P003,Alimentos,S02,20,980.74,39
2023-07-29,P003,Alimentos,S01,11,993.62,44
2023-07-30,P003,Alimentos,S02,23,1759.79,46
2023-07-31,P003,Alimentos,S02,25,1549.32,9
2023-08-01,P003,Alimentos,S03,17,1074.85,45
2023-08-02,P003,Alimentos,S02,18,1374.42,12
2023-08-03,P003,Alimentos,S03,20,1709.97,15
2023-08-04,P003,Alimentos,S01,14,118.12,20
2023-08-05,P003,Alimentos,S03,22,865.49,43
2023-08-06,P003,Alimentos,S01,25,1823.76,28
2023-08-07,P003,Alimentos,S03,20,1506.59,25
2023-08-08,P003,Alimentos,S04,15,1131.4,27
2023-08-09,P003,Alimentos,S04,17,1106.32,42
2023-08-10,P003,Alimentos,S02,16,760.76,12
2023-08-11,P003,Alimentos,S03,33,1088.99,11
2023-08-12,P003,Alimentos,S03,24,1345.23,6
2023-08-13,P003,Alimentos,S01,17,894.89,34
2023-08-14,P003,Alimentos,S02,14,1456.89,17
2023-08-15,P003,Alimentos,S03,22,1736.34,27
2023-08-16,P003,Alimentos,S02,29,393.9,33
2023-08-17,P003,Alimentos,S04,15,957.94,42
2023-08-18,P003,Alimentos,S03,25,875.24,41
2023-08-19,P003,Alimentos,S03,12,1406.18,24
2023-08-20,P003,Alimentos,S02,19,574.75,37
2023-08-21,P003,Alimentos,S03,22,1316.48,33
2023-08-22,P003,Alimentos,S02,30,1767.23,19
2023-08-23,P003,Alimentos,S03,18,894.45,27
2023-08-24,P003,Alimentos,S01,14,1830.93,46
2023-08-25,P003,Alimentos,S02,18,1987.01,7
2023-08-26,P003,Alimentos,S03,24,301.57,41
2023-08-27,P003,Alimentos,S04,18,542.8,33
2023-08-28,P003,Alimentos,S03,15,1905.72,49
2023-08-29,P003,Alimentos,S04,23,1920.82,12
2023-08-30,P003,Alimentos,S04,18,285.64,26
2023-08-31,P003,Alimentos,S01,22,128.5,33
2023-09-01,P003,Alimentos,S02,18,406.09,6
2023-09-02,P003,Alimentos,S03,27,1992.42,45
2023-09-03,P003,Alimentos,S01,15,442.0,49
2023-09-04,P003,Alimentos,S03,25,1054.84,5
2023-09-05,P003,Alimentos,S04,22,1711.99,48
2023-09-06,P003,Alimentos,S02,13,138.76,24
2023-09-07,P003,Alimentos,S03,23,1248.53,25
2023-09-08,P003,Alimentos,S03,21,626.35,41
2023-09-09,P003,Alimentos,S04,24,1738.44,12
2023-09-10,P003,Alimentos,S03,13,638.58,31
2023-09-11,P003,Alimentos,S03,15,1404.84,39
2023-09-12,P003,Alimentos,S04,21,1381.02,10
2023-09-13,P003,Alimentos,S01,22,520.84,49
2023-09-14,P003,Alimentos,S04,16,166.12,48
2023-09-15,P003,Alimentos,S01,25,877.57,23
2023-09-16,P003,Alimentos,S02,13,649.47,22
2023-09-17,P003,Alimentos,S01,22,1637.06,5
2023-09-18,P003,Alimentos,S01,28,1620.69,29
2023-09-19,P003,Alimentos,S02,21,968.35,31
2023-09-20,P003,Alimentos,S01,22,1252.37,11
2023-09-21,P003,Alimentos,S04,18,1248.09,48
2023-09-22,P003,Alimentos,S01,21,1671.6,46
2023-09-23,P003,Alimentos,S02,23,907.5,33
2023-09-24,P003,Alimentos,S04,21,623.35,35
2023-09-25,P003,Alimentos,S02,19,603.57,48
2023-09-26,P003,Alimentos,S02,17,1118.77,47
2023-09-27,P003,Alimentos,S03,26,953.38,40
2023-09-28,P003,Alimentos,S03,17,936.23,23
2023-09-29,P003,Alimentos,S02,19,273.16,10
2023-09-30,P003,Alimentos,S02,24,1465.35,29
2023-10-01,P003,Alimentos,S02,19,506.1,35
2023-10-02,P003,Alimentos,S03,18,474.21,13
2023-10-03,P003,Alimentos,S03,25,884.24,24
2023-10-04,P003,Alimentos,S01,20,532.78,14
2023-10-05,P003,Alimentos,S01,17,1209.33,41
2023-10-06,P003,Alimentos,S02,28,805.78,31
2023-10-07,P003,Alimentos,S04,21,952.93,17
2023-10-08,P003,Alimentos,S04,20,1120.62,45
2023-10-09,P003,Alimentos,S03,18,486.72,6
2023-10-10,P003,Alimentos,S03,19,395.93,25
2023-10-11,P003,Alimentos,S03,10,1772.8,37
2023-10-12,P003,Alimentos,S02,23,924.08,28
2023-10-13,P003,Alimentos,S04,20,882.98,48
2023-10-14,P003,Alimentos,S01,23,167.66,46
2023-10-15,P003,Alimentos,S02,15,1046.15,38
2023-10-16,P003,Alimentos,S01,17,1152.92,13
2023-10-17,P003,Alimentos,S01,22,1161.8,6
2023-10-18,P003,Alimentos,S02,25,1443.36,34
2023-10-19,P003,Alimentos,S01,12,437.22,26
2023-10-20,P003,Alimentos,S04,23,579.22,15
2023-10-21,P003,Alimentos,S01,20,1640.39,47
2023-10-22,P003,Alimentos,S04,19,1899.62,21
2023-10-23,P003,Alimentos,S04,22,358.27,40
2023-10-24,P003,Alimentos,S04,19,1045.53,17
2023-10-25,P003,Alimentos,S03,20,506.93,11
2023-10-26,P003,Alimentos,S01,21,214.14,20
2023-10-27,P003,Alimentos,S02,15,718.46,37
2023-10-28,P003,Alimentos,S02,25,373.01,49
2023-10-29,P003,Alimentos,S01,18,1448.87,5
2023-10-30,P003,Alimentos,S03,27,1114.08,15
2023-10-31,P003,Alimentos,S03,26,373.29,10
2023-11-01,P003,Alimentos,S04,20,117.56,24
2023-11-02,P003,Alimentos,S01,16,1635.5,39
2023-11-03,P003,Alimentos,S01,22,434.77,48
2023-11-04,P003,Alimentos,S02,23,1251.81,41
2023-11-05,P003,Alimentos,S01,21,740.15,45
2023-11-06,P003,Alimentos,S03,19,1212.42,30
2023-11-07,P003,Alimentos,S01,17,699.74,16
2023-11-08,P003,Alimentos,S02,18,265.19,34
2023-11-09,P003,Alimentos,S04,26,523.61,32
2023-11-10,P003,Alimentos,S02,26,457.31,31
2023-11-11,P003,Alimentos,S02,26,913.24,46
2023-11-12,P003,Alimentos,S04,17,1350.74,23
2023-11-13,P003,Alimentos,S02,29,601.23,9
2023-11-14,P003,Alimentos,S02,18,122.93,9
2023-11-15,P003,Alimentos,S01,19,1085.98,45
2023-11-16,P003,Alimentos,S01,19,1250.94,31
2023-11-17,P003,Alimentos,S04,27,1929.45,32
2023-11-18,P003,Alimentos,S01,19,1219.99,30
2023-11-19,P003,Alimentos,S01,17,995.23,31
2023-11-20,P003,Alimentos,S02,24,1189.46,46
2023-11-21,P003,Alimentos,S03,21,1863.01,25
2023-11-22,P003,Alimentos,S01,20,1673.92,5
2023-11-23,P003,Alimentos,S03,21,713.66,32
2023-11-24,P003,Alimentos,S01,14,550.78,19
2023-11-25,P003,Alimentos,S01,20,599.0,21
2023-11-26,P003,Alimentos,S04,20,1058.4,30
2023-11-27,P003,Alimentos,S04,21,1513.69,24
2023-11-28,P003,Alimentos,S04,15,1056.12,29
2023-11-29,P003,Alimentos,S03,19,228.81,17
2023-11-30,P003,Alimentos,S02,18,1474.8,37
2023-12-01,P003,Alimentos,S01,17,1631.34,29
2023-12-02,P003,Alimentos,S01,11,650.05,12
2023-12-03,P003,Alimentos,S01,24,1361.84,9
2023-12-04,P003,Alimentos,S03,25,910.52,10
2023-12-05,P003,Alimentos,S04,28,1789.33,27
2023-12-06,P003,Alimentos,S02,14,1705.93,34
2023-12-07,P003,Alimentos,S03,14,1098.32,18
2023-12-08,P003,Alimentos,S04,20,1413.86,27
2023-12-09,P003,Alimentos,S03,18,1778.36,15
2023-12-10,P003,Alimentos,S02,23,1041.86,35
2023-12-11,P003,Alimentos,S04,17,695.18,10
2023-12-12,P003,Alimentos,S03,14,1531.97,15
2023-12-13,P003,Alimentos,S02,24,518.13,17
2023-12-14,P003,Alimentos,S01,12,838.21,16
2023-12-15,P003,Alimentos,S02,24,1744.88,6
2023-12-16,P003,Alimentos,S01,27,1476.4,39
2023-12-17,P003,Alimentos,S03,22,867.24,40
2023-12-18,P003,Alimentos,S04,24,508.01,21
2023-12-19,P003,Alimentos,S04,16,776.34,32
2023-12-20,P003,Alimentos,S03,15,639.8,32
2023-12-21,P003,Alimentos,S04,16,434.57,26
2023-12-22,P003,Alimentos,S04,15,1512.33,42
2023-12-23,P003,Alimentos,S01,25,578.93,11
2023-12-24,P003,Alimentos,S03,25,962.92,19
2023-12-25,P003,Alimentos,S02,16,833.13,36
2023-12-26,P003,Alimentos,S01,26,1965.95,15
2023-12-27,P003,Alimentos,S03,21,843.08,28
2023-12-28,P003,Alimentos,S01,17,251.97,7
2023-12-29,P003,Alimentos,S02,13,270.67,34
2023-12-30,P003,Alimentos,S02,20,1222.43,10
2023-12-31,P003,Alimentos,S03,19,1238.79,6
